dataset,mode,method,backbone,seed,attack,eps,acc,bal_acc,f1_macro,mcc,auroc,valid_rate
CICIoT2023,multiclass,trades,transformer,1,clean,0,0.7073525138041267,0.4804435719522142,0.47540228407275387,0.6705000341522793,0.956431090508997,
CICIoT2023,multiclass,trades,transformer,1,gaussian,0.1,0.7080790467887242,0.4814772997139877,0.4777740856712261,0.6712068988078735,0.9562695636246102,
CICIoT2023,multiclass,trades,transformer,1,fgsm,0.1,0.6608544027898866,0.4315762062592283,0.4295642415619401,0.6150716225793453,0.9396670062800973,
CICIoT2023,multiclass,trades,transformer,1,pgd,0.1,0.6578029642545772,0.42848797096511065,0.4265147376152856,0.61143124250707,0.9409524814958362,0.0
CICIoT2023,multiclass,trades,transformer,1,transfer_mlp,0.1,0.6826503923278117,0.4544985751014466,0.4496696827314737,0.6411588962509925,0.9485554978042484,
CICIoT2023,multiclass,trades,transformer,1,transfer_tf,0.1,0.6785333720817592,0.4501554378465446,0.44802188808657656,0.6360546229026479,0.9472695699196453,
CICIoT2023,multiclass,trades,transformer,1,pgd_constrained,0.1,0.6764022086602732,0.44779775991491905,0.4420323849975749,0.6337854784521862,0.9435738849930932,1.0
CICIoT2023,multiclass,trades,transformer,1,square,0.1,0.6605,0.4224857691106696,0.41739314907614766,0.6118621401671813,0.9485139869346608,
CICIoT2023,multiclass,trades,transformer,1,square_clean_subset,0,0.713,0.4744940622517345,0.46742713810538594,0.674694425226834,0.9540524365590994,
CICIoT2023,multiclass,trades,aam_trans,1,clean,0,0.7258548871452097,0.5032845047444993,0.503923470917727,0.6911808024129746,0.9640755772423937,
CICIoT2023,multiclass,trades,aam_trans,1,gaussian,0.1,0.7227550130775937,0.5003581580604858,0.5011997818882127,0.6874613618215939,0.962913118726245,
CICIoT2023,multiclass,trades,aam_trans,1,fgsm,0.1,0.6926765475152572,0.4679595814102365,0.4663313062934574,0.6524515714749007,0.9517492805600986,
CICIoT2023,multiclass,trades,aam_trans,1,pgd,0.1,0.6913203526106751,0.46680762062592285,0.46451979600095405,0.6508591574196991,0.9523461739169048,0.0
CICIoT2023,multiclass,trades,aam_trans,1,transfer_mlp,0.1,0.7038167199457522,0.47892526768474636,0.47761607682524515,0.6655094769876606,0.9568458207544327,
CICIoT2023,multiclass,trades,aam_trans,1,transfer_tf,0.1,0.7047854305918823,0.4808100548276183,0.48009973822578805,0.6666085763618758,0.9567400880945454,
CICIoT2023,multiclass,trades,aam_trans,1,pgd_constrained,0.1,0.6966966966966966,0.4721648364980536,0.4702380830852553,0.657134190356455,0.9546606692772983,1.0
CICIoT2023,multiclass,trades,aam_trans,1,square,0.1,0.689,0.4545568922641081,0.44612167865239744,0.6457426216666552,0.9572018534879182,
CICIoT2023,multiclass,trades,aam_trans,1,square_clean_subset,0,0.7275,0.49448734501990416,0.48909249539585686,0.6910067364392704,0.9613414178438255,
CICIoT2023,multiclass,trades,transformer,2,clean,0,0.7152959411023927,0.4917780513996014,0.4901638728095531,0.6794374013822702,0.9587043501748123,
CICIoT2023,multiclass,trades,transformer,2,gaussian,0.1,0.7148115857793277,0.49110283534161425,0.49134477203154364,0.6785964962820015,0.9586548184220438,
CICIoT2023,multiclass,trades,transformer,2,fgsm,0.1,0.6560592850915432,0.42983204008301584,0.4326373096917392,0.6091017806650499,0.9422794736871938,
CICIoT2023,multiclass,trades,transformer,2,pgd,0.1,0.6537828150731376,0.42746606831252776,0.43028643847579884,0.6063942661350615,0.9436116320684602,0.0
CICIoT2023,multiclass,trades,transformer,2,transfer_mlp,0.1,0.6764506441925797,0.4508899885388594,0.4519812200282304,0.633312365341419,0.951173935990326,
CICIoT2023,multiclass,trades,transformer,2,transfer_tf,0.1,0.6713164777680907,0.4455866116325414,0.44810595470815145,0.6271790962587965,0.9496808831534365,
CICIoT2023,multiclass,trades,transformer,2,pgd_constrained,0.1,0.6683134747650876,0.4423297788309637,0.4439160264717791,0.6236201769207457,0.9460257071122119,1.0
CICIoT2023,multiclass,trades,transformer,2,square,0.1,0.6565,0.43470646514502753,0.43861562996450837,0.6082988495142156,0.9519590047416284,
CICIoT2023,multiclass,trades,transformer,2,square_clean_subset,0,0.718,0.49770536438112495,0.49631855192846847,0.6816060240371794,0.9564617258495707,
CICIoT2023,multiclass,trades,aam_trans,2,clean,0,0.7293906810035843,0.5117704346305013,0.509085794515531,0.6955365997057713,0.9644624646834676,
CICIoT2023,multiclass,trades,aam_trans,2,gaussian,0.1,0.7275016952436307,0.5104142667815817,0.5088075557471549,0.6931872979273955,0.9637488348432579,
CICIoT2023,multiclass,trades,aam_trans,2,fgsm,0.1,0.7010558946042817,0.48097572904576136,0.47591352346953464,0.6624660963526687,0.9519987738950881,
CICIoT2023,multiclass,trades,aam_trans,2,pgd,0.1,0.6993606509735542,0.4794806310065457,0.47409984369584657,0.6604594872332026,0.9527132567544659,0.0
CICIoT2023,multiclass,trades,aam_trans,2,transfer_mlp,0.1,0.7090477574348543,0.4891439470965415,0.4838861085233255,0.6718556381036481,0.9564626721140073,
CICIoT2023,multiclass,trades,aam_trans,2,transfer_tf,0.1,0.7119054538409377,0.4927993352902913,0.4881791432656972,0.6751832528289493,0.9571512136838087,
CICIoT2023,multiclass,trades,aam_trans,2,pgd_constrained,0.1,0.7055603991087862,0.485578670222232,0.48036787170974704,0.6677242373632024,0.9547335712605125,1.0
CICIoT2023,multiclass,trades,aam_trans,2,square,0.1,0.7065,0.48769691705534024,0.4796003834306449,0.6676414477263548,0.9543746779941598,
CICIoT2023,multiclass,trades,aam_trans,2,square_clean_subset,0,0.73,0.5147751314494414,0.5083263940230126,0.6951859579369325,0.9592034228609831,
CICIoT2023,multiclass,trades,transformer,3,clean,0,0.7096289838225323,0.4840718231473738,0.4845355087905457,0.6728240314696492,0.9558859771223136,
CICIoT2023,multiclass,trades,transformer,3,gaussian,0.1,0.7107914365978882,0.48562444888434575,0.4870487624944476,0.6740752016962179,0.9557122472476055,
CICIoT2023,multiclass,trades,transformer,3,fgsm,0.1,0.6584810617068682,0.4303855331495421,0.43273216468989667,0.6120036099045518,0.9395508180680944,
CICIoT2023,multiclass,trades,transformer,3,pgd,0.1,0.6551390099777197,0.42697158979442223,0.4292110968315581,0.6080513247822528,0.9409075835359189,0.0
CICIoT2023,multiclass,trades,transformer,3,transfer_mlp,0.1,0.6741741741741741,0.4467799590083532,0.4485362209771477,0.6306822289406883,0.9487817154960647,
CICIoT2023,multiclass,trades,transformer,3,transfer_tf,0.1,0.6758209822725951,0.44841729651312867,0.4491254185476252,0.6327092845697051,0.9477067806708557,
CICIoT2023,multiclass,trades,transformer,3,pgd_constrained,0.1,0.6674416351835707,0.43985365362574724,0.44099201326269183,0.6226813259782287,0.9435341336902875,1.0
CICIoT2023,multiclass,trades,transformer,3,square,0.1,0.6535,0.44366379630854436,0.4491792480699237,0.6104755549920962,nan,
CICIoT2023,multiclass,trades,transformer,3,square_clean_subset,0,0.7045,0.5025083517234712,0.4996888894251394,0.6707844908650977,nan,
CICIoT2023,multiclass,trades,aam_trans,3,clean,0,0.7283735348251478,0.5094495181401248,0.5130234055787662,0.694104015967249,0.963483540726787,
CICIoT2023,multiclass,trades,aam_trans,3,gaussian,0.1,0.7261939358713553,0.5078086158076277,0.5121211743072468,0.691375855591782,0.9625654047422653,
CICIoT2023,multiclass,trades,aam_trans,3,fgsm,0.1,0.6932093383706287,0.4718566892791872,0.47279900454304713,0.6528761633045026,0.950409441973338,
CICIoT2023,multiclass,trades,aam_trans,3,pgd,0.1,0.6917078368691272,0.47055766967134405,0.47092733192562797,0.6511106213241091,0.9511546119059925,0.0
CICIoT2023,multiclass,trades,aam_trans,3,transfer_mlp,0.1,0.7056088346410927,0.4842205237018451,0.4850610930891024,0.6674779656487231,0.9547964544046481,
CICIoT2023,multiclass,trades,aam_trans,3,transfer_tf,0.1,0.7113242274532597,0.49109124650076863,0.4934577299881564,0.6741649815924806,0.9557954575614389,
CICIoT2023,multiclass,trades,aam_trans,3,pgd_constrained,0.1,0.6986825535212632,0.47745581781949215,0.47842174981559465,0.6592690045279922,0.9532973529728516,1.0
CICIoT2023,multiclass,trades,aam_trans,3,square,0.1,0.6805,0.4804117136738133,0.47845018469689893,0.6422783005908598,nan,
CICIoT2023,multiclass,trades,aam_trans,3,square_clean_subset,0,0.721,0.526307224992282,0.5269969014323124,0.6894010907042263,nan,
CICIoT2023,multiclass,trades,transformer,4,clean,0,0.7071103361425942,0.4821919044078927,0.47913418971446975,0.6702318352988214,0.9564202851415992,
CICIoT2023,multiclass,trades,transformer,4,gaussian,0.1,0.7068197229487552,0.4815205009860711,0.47949738632154654,0.6697606906032127,0.9560944356255812,
CICIoT2023,multiclass,trades,transformer,4,fgsm,0.1,0.6697181052019762,0.44198366271205686,0.4365426053157582,0.6259140377695303,0.9398290636777871,
CICIoT2023,multiclass,trades,transformer,4,pgd,0.1,0.6678291194420227,0.439891152722279,0.43474109313309894,0.6236420138993386,0.9410381890485217,0.0
CICIoT2023,multiclass,trades,transformer,4,transfer_mlp,0.1,0.6859924440569601,0.4593216088963232,0.45493312809116804,0.645231203283898,0.9486658261437407,
CICIoT2023,multiclass,trades,transformer,4,transfer_tf,0.1,0.6837159740385547,0.4567187090212599,0.45276337843077513,0.6424513172262595,0.9470800230445249,
CICIoT2023,multiclass,trades,transformer,4,pgd_constrained,0.1,0.6770318705802577,0.4498718830344144,0.44476155139090773,0.634589460113801,0.9434612395584793,1.0
CICIoT2023,multiclass,trades,transformer,4,square,0.1,0.682,0.46376191086332913,0.45939576407353955,0.6345982091402456,nan,
CICIoT2023,multiclass,trades,transformer,4,square_clean_subset,0,0.7185,0.5055831264759784,0.5021185098435446,0.6783579837011259,nan,
CICIoT2023,multiclass,trades,aam_trans,4,clean,0,0.7245955633052408,0.504721035565978,0.5080522529511144,0.6895675323857576,0.9633950900495433,
CICIoT2023,multiclass,trades,aam_trans,4,gaussian,0.1,0.7239174658529497,0.504490602107708,0.5082496878447849,0.688671263178793,0.9626215575262296,
CICIoT2023,multiclass,trades,aam_trans,4,fgsm,0.1,0.6920953211275792,0.47069405602900327,0.4725695225691646,0.6515818654520585,0.9504951271368818,
CICIoT2023,multiclass,trades,aam_trans,4,pgd,0.1,0.6905453840937712,0.46943425210743467,0.47088666661865625,0.649753114114207,0.9512725878748889,0.0
CICIoT2023,multiclass,trades,aam_trans,4,transfer_mlp,0.1,0.7022183473796377,0.48061055749004067,0.4824712420417875,0.6634609239406877,0.9560330083823155,
CICIoT2023,multiclass,trades,aam_trans,4,transfer_tf,0.1,0.7044463818657367,0.4838881152467182,0.48632513361825774,0.6660289234717208,0.9560479853678155,
CICIoT2023,multiclass,trades,aam_trans,4,pgd_constrained,0.1,0.6960670347767122,0.474938526803095,0.4767419533812851,0.6561871211172174,0.9533887431329289,1.0
CICIoT2023,multiclass,trades,aam_trans,4,square,0.1,0.704,0.4907149855276105,0.49282042199085546,0.6604043150822754,nan,
CICIoT2023,multiclass,trades,aam_trans,4,square_clean_subset,0,0.739,0.5284443268565996,0.5320334814732355,0.7017507588570902,nan,
CICIoT2023,multiclass,trades,transformer,5,clean,0,0.7121476315024702,0.4879261582463422,0.4851340831283803,0.6759171222845765,0.956891023154788,
CICIoT2023,multiclass,trades,transformer,5,gaussian,0.1,0.7120991959701637,0.4875345873473139,0.48521896009228804,0.6758323623318796,0.9567991110548116,
CICIoT2023,multiclass,trades,transformer,5,fgsm,0.1,0.6761600309987407,0.44865456277297655,0.44223766588876773,0.633475890883747,0.9401921069603059,
CICIoT2023,multiclass,trades,transformer,5,pgd,0.1,0.6737866899157222,0.4465614255180745,0.4393205973105374,0.6306793664323171,0.9415381283658064,0.0
CICIoT2023,multiclass,trades,transformer,5,transfer_mlp,0.1,0.6901094643030127,0.46410127621348696,0.459348691141204,0.6498742703949025,0.9495722765234734,
CICIoT2023,multiclass,trades,transformer,5,transfer_tf,0.1,0.6902547708999321,0.4635622257328418,0.45853348546124684,0.6500704822412439,0.9479020545349369,
CICIoT2023,multiclass,trades,transformer,5,pgd_constrained,0.1,0.6828925699893442,0.45575687668432296,0.45097698294614985,0.6413424867033118,0.9441365014149831,1.0
CICIoT2023,multiclass,trades,transformer,5,square,0.1,0.6845,0.47267554386400457,0.47015983305230324,0.6416910759943282,nan,
CICIoT2023,multiclass,trades,transformer,5,square_clean_subset,0,0.7195,0.5102343394603606,0.5141455173383291,0.6831535957864102,nan,
CICIoT2023,multiclass,trades,aam_trans,5,clean,0,0.7299234718589557,0.5101206937968323,0.5083676880108347,0.6959703957524995,0.9652351363687754,
CICIoT2023,multiclass,trades,aam_trans,5,gaussian,0.1,0.7282766637605347,0.5090849248041068,0.5071382282773108,0.6939578511176321,0.9639621217253821,
CICIoT2023,multiclass,trades,aam_trans,5,fgsm,0.1,0.7015886854596532,0.47891047919957874,0.4748759790253664,0.6628720862613355,0.9532830078006076,
CICIoT2023,multiclass,trades,aam_trans,5,pgd,0.1,0.7003293616196842,0.4778124399838925,0.47336863511620103,0.661382411975405,0.9539380009789674,0.0
CICIoT2023,multiclass,trades,aam_trans,5,transfer_mlp,0.1,0.7091930640317737,0.48651220714720855,0.4823023193288794,0.6718040165436708,0.9575684493385263,
CICIoT2023,multiclass,trades,aam_trans,5,transfer_tf,0.1,0.7138913106655043,0.49279992125400784,0.4905265065194095,0.6772864316184756,0.9579427440811585,
CICIoT2023,multiclass,trades,aam_trans,5,pgd_constrained,0.1,0.7057057057057057,0.4834827540810953,0.47903995824277223,0.6676892876360082,0.9557362786357677,1.0
CICIoT2023,multiclass,trades,aam_trans,5,square,0.1,0.7095,0.49951965369129897,0.5005255072295899,0.6706466957283853,nan,
CICIoT2023,multiclass,trades,aam_trans,5,square_clean_subset,0,0.7335,0.526735100430515,0.5288531020409711,0.6989089617546171,nan,
CICIoT2023,multiclass,trades,transformer,6,clean,0,0.7126804223578417,0.48758954919513875,0.48420043729703593,0.6766477151051771,0.9578876628950226,
CICIoT2023,multiclass,trades,transformer,6,gaussian,0.1,0.7127772934224547,0.487973370917614,0.48481580744205255,0.6767235800773357,0.9575593272577791,
CICIoT2023,multiclass,trades,transformer,6,fgsm,0.1,0.6685072168943137,0.44167086134085015,0.43820810552315664,0.6242232286616672,0.9407254956321475,
CICIoT2023,multiclass,trades,transformer,6,pgd,0.1,0.6654073428266977,0.43862184173300706,0.4352051007496972,0.6204935700920576,0.9420310836751414,0.0
CICIoT2023,multiclass,trades,transformer,6,transfer_mlp,0.1,0.6867674125738642,0.46013529308511186,0.4552098885327053,0.6460024318051695,0.9497637054784382,
CICIoT2023,multiclass,trades,transformer,6,transfer_tf,0.1,0.6857987019277342,0.4596618576340489,0.4544527286372269,0.6448407982111829,0.9485864446145986,
CICIoT2023,multiclass,trades,transformer,6,pgd_constrained,0.1,0.6845393780877652,0.45799099887453665,0.45147735430299546,0.6433983167289941,0.9446111537569017,1.0
CICIoT2023,multiclass,trades,transformer,6,square,0.1,0.668,0.44755250075603553,0.44378032744248574,0.6245842234489254,nan,
CICIoT2023,multiclass,trades,transformer,6,square_clean_subset,0,0.7205,0.5030875592692183,0.5000171278061092,0.6864251251115421,nan,
CICIoT2023,multiclass,trades,aam_trans,6,clean,0,0.7272595175820983,0.507454420100909,0.5060438687983378,0.6931268270022829,0.9645975154180129,
CICIoT2023,multiclass,trades,aam_trans,6,gaussian,0.1,0.7264845490651942,0.5069588600021987,0.5062542044559638,0.6920421727430158,0.963667110303472,
CICIoT2023,multiclass,trades,aam_trans,6,fgsm,0.1,0.6972294875520682,0.4769994954243508,0.473865287460852,0.6578938132522144,0.9514703370264238,
CICIoT2023,multiclass,trades,aam_trans,6,pgd,0.1,0.6962123413736317,0.47614655424788016,0.47281897424908076,0.6566936925877179,0.9522825112267855,0.0
CICIoT2023,multiclass,trades,aam_trans,6,transfer_mlp,0.1,0.7083696599825632,0.48793899660660345,0.4847913492128765,0.6710101929324777,0.9565643914653438,
CICIoT2023,multiclass,trades,aam_trans,6,transfer_tf,0.1,0.7105976944686622,0.4904514825383116,0.4877769154463612,0.6735999942804892,0.9573589429262036,
CICIoT2023,multiclass,trades,aam_trans,6,pgd_constrained,0.1,0.7007652814104427,0.48066829943884753,0.47754782732864903,0.6620271061881742,0.9543640190365179,1.0
CICIoT2023,multiclass,trades,aam_trans,6,square,0.1,0.7015,0.4914667228557805,0.48728982761296535,0.6635556383133763,nan,
CICIoT2023,multiclass,trades,aam_trans,6,square_clean_subset,0,0.7335,0.5227843592799797,0.5195013201328722,0.7010164443579908,nan,
CICIoT2023,multiclass,trades,transformer,7,clean,0,0.7104039523394362,0.48661163254137874,0.4847747231129136,0.6739451740107294,0.9579780686939704,
CICIoT2023,multiclass,trades,transformer,7,gaussian,0.1,0.7098227259517582,0.48589829012173585,0.4844215527915588,0.6732433299807319,0.9581417292124651,
CICIoT2023,multiclass,trades,transformer,7,fgsm,0.1,0.6760147244018212,0.4492184121673946,0.4418520677709541,0.6335350859360918,0.942435025498552,
CICIoT2023,multiclass,trades,transformer,7,pgd,0.1,0.6745616584326262,0.44762799822403954,0.43986479127285366,0.6318040232816666,0.9437945869593481,0.0
CICIoT2023,multiclass,trades,transformer,7,transfer_mlp,0.1,0.6904485130291582,0.4644186826916127,0.4593490824159825,0.6505237769226124,0.9508346437512168,
CICIoT2023,multiclass,trades,transformer,7,transfer_tf,0.1,0.6891407536568827,0.4633516066247457,0.4588419908247853,0.648918076307039,0.9494049750893694,
CICIoT2023,multiclass,trades,transformer,7,pgd_constrained,0.1,0.6834253608447157,0.45715674142221396,0.4520877101461937,0.6421405090106526,0.9460467443345173,1.0
CICIoT2023,multiclass,trades,transformer,7,square,0.1,0.6705,0.4489231289029303,0.4375373829523864,0.6293653065362009,0.9538455597914635,
CICIoT2023,multiclass,trades,transformer,7,square_clean_subset,0,0.706,0.48378667086142857,0.477534572128805,0.6709684755609706,0.9602369631595681,
CICIoT2023,multiclass,trades,aam_trans,7,clean,0,0.7277923084374698,0.5106046642954801,0.5065348209995219,0.6937988042824141,0.9647910623042978,
CICIoT2023,multiclass,trades,aam_trans,7,gaussian,0.1,0.7270657754528722,0.511279404779909,0.5084313674690715,0.6927684960871366,0.9639704854862524,
CICIoT2023,multiclass,trades,aam_trans,7,fgsm,0.1,0.7011527656688947,0.4823845226316529,0.4779921985468325,0.6625754652932051,0.9524647551313412,
CICIoT2023,multiclass,trades,aam_trans,7,pgd,0.1,0.6994575220381672,0.48071295400420183,0.4758286362153058,0.6605823001122799,0.9532639841825251,0.0
CICIoT2023,multiclass,trades,aam_trans,7,transfer_mlp,0.1,0.7098711614840647,0.49133683438682285,0.48645117527012627,0.6728624551494455,0.9565937787394279,
CICIoT2023,multiclass,trades,aam_trans,7,transfer_tf,0.1,0.7130679066162937,0.4940749066314877,0.48875530528824646,0.6766387920648096,0.9568471980786559,
CICIoT2023,multiclass,trades,aam_trans,7,pgd_constrained,0.1,0.7044463818657367,0.48600690644563127,0.4812800877604822,0.6664278570582296,0.9548115880307786,1.0
CICIoT2023,multiclass,trades,aam_trans,7,square,0.1,0.6965,0.47803918419196234,0.4721027421294952,0.6590689960974466,0.9590576124742249,
CICIoT2023,multiclass,trades,aam_trans,7,square_clean_subset,0,0.727,0.5079122025203839,0.5043797335861818,0.6946665455923514,0.9631716717723956,
CICIoT2023,multiclass,trades,transformer,8,clean,0,0.7096774193548387,0.4820062571632128,0.4781498707328953,0.6733301491643465,0.9578838791418266,
CICIoT2023,multiclass,trades,transformer,8,gaussian,0.1,0.7096289838225323,0.4821931589381409,0.47943031939389824,0.6731860471801236,0.9575303648426731,
CICIoT2023,multiclass,trades,transformer,8,fgsm,0.1,0.6697181052019762,0.43847201829652344,0.4320290084486227,0.6258548170511823,0.9410006316465225,
CICIoT2023,multiclass,trades,transformer,8,pgd,0.1,0.6667151021989731,0.4352367241788764,0.42841570099774534,0.6222722351628637,0.9423449218455372,0.0
CICIoT2023,multiclass,trades,transformer,8,transfer_mlp,0.1,0.6859924440569601,0.45761665066237134,0.45251752902823045,0.6452424608629006,0.9500250903905018,
CICIoT2023,multiclass,trades,transformer,8,transfer_tf,0.1,0.6816332461493751,0.4530758009891687,0.44865083686427015,0.6400063844399904,0.9478561365940571,
CICIoT2023,multiclass,trades,transformer,8,pgd_constrained,0.1,0.6764022086602732,0.4460993453726936,0.439635290233845,0.6338407694528311,0.9448467682600515,1.0
CICIoT2023,multiclass,trades,transformer,8,square,0.1,0.6735,0.4329180806992272,0.4227398861938208,0.6285459956144078,0.9504914350495831,
CICIoT2023,multiclass,trades,transformer,8,square_clean_subset,0,0.7125,0.4762614793926512,0.46577327861914114,0.6749547374731067,0.9552445703603678,
CICIoT2023,multiclass,trades,aam_trans,8,clean,0,0.7231909328683522,0.5034943599284027,0.5029001017058948,0.688292287248038,0.9642783775612036,
CICIoT2023,multiclass,trades,aam_trans,8,gaussian,0.1,0.7209628983822532,0.5017509371775225,0.5021340338362587,0.6854874134215956,0.9629723998725573,
CICIoT2023,multiclass,trades,aam_trans,8,fgsm,0.1,0.6899641577060932,0.4691754000921993,0.4674090201467124,0.6492731178949306,0.9515122920145238,
CICIoT2023,multiclass,trades,aam_trans,8,pgd,0.1,0.6884142206722852,0.4679155961706307,0.46561144491774925,0.6474459764615026,0.9522268748165914,0.0
CICIoT2023,multiclass,trades,aam_trans,8,transfer_mlp,0.1,0.7013949433304272,0.4809105154901536,0.4785198606055913,0.6628077973282337,0.9563732344019998,
CICIoT2023,multiclass,trades,aam_trans,8,transfer_tf,0.1,0.7014433788627337,0.4809911255119401,0.4793977211517144,0.662796890789256,0.956291712017294,
CICIoT2023,multiclass,trades,aam_trans,8,pgd_constrained,0.1,0.6944202266782912,0.4737451168677985,0.4719802842291899,0.6544946272441043,0.9545764837554228,1.0
CICIoT2023,multiclass,trades,aam_trans,8,square,0.1,0.69,0.45605070071307235,0.44981493274850237,0.6475962335657603,0.9558139178263246,
CICIoT2023,multiclass,trades,aam_trans,8,square_clean_subset,0,0.725,0.49547185998306953,0.4888816214678223,0.6889507648732536,0.9590560498184376,
CICIoT2023,multiclass,trades,transformer,9,clean,0,0.7090477574348543,0.48168121766874206,0.47803405553444683,0.6724519950211625,0.9583924468911907,
CICIoT2023,multiclass,trades,transformer,9,gaussian,0.1,0.7082243533856437,0.48108640512550466,0.4776376527504052,0.6714157380612048,0.9580721681089154,
CICIoT2023,multiclass,trades,transformer,9,fgsm,0.1,0.6758209822725951,0.44679751210647506,0.4396160212826151,0.6331757576485434,0.9422894605949566,
CICIoT2023,multiclass,trades,transformer,9,pgd,0.1,0.6730601569311246,0.44400339445941617,0.43683292930976886,0.6298587447155146,0.943439774801814,0.0
CICIoT2023,multiclass,trades,transformer,9,transfer_mlp,0.1,0.6884626562045917,0.46001944521884586,0.45393122267636354,0.6480849314687468,0.9509460432336567,
CICIoT2023,multiclass,trades,transformer,9,transfer_tf,0.1,0.6877845587523007,0.4594992514119918,0.4533940369595751,0.6472804770269548,0.949572071329052,
CICIoT2023,multiclass,trades,transformer,9,pgd_constrained,0.1,0.6838612806354741,0.4549107192640089,0.44909207611067586,0.6426054586664559,0.9459738683330841,1.0
CICIoT2023,multiclass,trades,transformer,9,square,0.1,0.676,0.44449786564171323,0.4367140591501324,0.6344994287617509,0.9598975680562098,
CICIoT2023,multiclass,trades,transformer,9,square_clean_subset,0,0.7135,0.48583407357287245,0.4784524391096262,0.6791007187511511,0.9644936313993846,
CICIoT2023,multiclass,trades,aam_trans,9,clean,0,0.7235784171268043,0.49981244772790623,0.4970420234314185,0.6889062552830039,0.9633102584699569,
CICIoT2023,multiclass,trades,aam_trans,9,gaussian,0.1,0.7222706577545287,0.4994720337845512,0.4974157194739085,0.6871939602822876,0.9619059865939268,
CICIoT2023,multiclass,trades,aam_trans,9,fgsm,0.1,0.6958732926474862,0.47168000443990127,0.4666079881473234,0.6564378664494592,0.9505206986455939,
CICIoT2023,multiclass,trades,aam_trans,9,pgd,0.1,0.6938874358229197,0.46975416111679,0.46421480170989504,0.6541016455836556,0.9513322349010295,0.0
CICIoT2023,multiclass,trades,aam_trans,9,transfer_mlp,0.1,0.7044948173980432,0.480144056727483,0.4751604582653593,0.6665820227877478,0.9551557886476132,
CICIoT2023,multiclass,trades,aam_trans,9,transfer_tf,0.1,0.7050760437857212,0.4812114709496226,0.47667054135668,0.6672208678225553,0.955640067002332,
CICIoT2023,multiclass,trades,aam_trans,9,pgd_constrained,0.1,0.6996028286350867,0.47553022230482506,0.47087357728328766,0.6607649858624367,0.9532952597813685,1.0
CICIoT2023,multiclass,trades,aam_trans,9,square,0.1,0.6975,0.47148853492701853,0.46024809528481225,0.6596349811201419,0.9679430801647257,
CICIoT2023,multiclass,trades,aam_trans,9,square_clean_subset,0,0.7225,0.49746445032988723,0.4893906219743224,0.6888210429327538,0.9725935474857506,
CICIoT2023,multiclass,trades,transformer,10,clean,0,0.7127288578901482,0.48845498404733145,0.4871217790635399,0.6766585854203718,0.9577124753624775,
CICIoT2023,multiclass,trades,transformer,10,gaussian,0.1,0.7121476315024702,0.4876260906152878,0.486772029235086,0.6759317695258328,0.9573684095614143,
CICIoT2023,multiclass,trades,transformer,10,fgsm,0.1,0.6683619102973942,0.44177179681772655,0.4402763416070235,0.6240212952001468,0.9418744005217786,
CICIoT2023,multiclass,trades,transformer,10,pgd,0.1,0.6640995834544222,0.43745593397970034,0.43634249274421394,0.6189146668982966,0.9432768290718719,0.0
CICIoT2023,multiclass,trades,transformer,10,transfer_mlp,0.1,0.6870095902353966,0.4613187694245681,0.45928236372929715,0.6462266587311503,0.9498230235448956,
CICIoT2023,multiclass,trades,transformer,10,transfer_tf,0.1,0.6829894410539572,0.45728072566572703,0.45516357447666767,0.6414401817167168,0.9484916079150667,
CICIoT2023,multiclass,trades,transformer,10,pgd_constrained,0.1,0.6766443863218057,0.45053311082200126,0.44813722843178055,0.6339036254443893,0.9455209063360829,1.0
CICIoT2023,multiclass,trades,transformer,10,square,0.1,0.657,0.464108329858114,0.4611145026932414,0.6155686661832183,nan,
CICIoT2023,multiclass,trades,transformer,10,square_clean_subset,0,0.711,0.5285756996407874,0.5260626109282633,0.6787767254724969,nan,
CICIoT2023,multiclass,trades,aam_trans,10,clean,0,0.7266298556621137,0.5070865530209855,0.5103502244100986,0.6920403768554291,0.9628540453756737,
CICIoT2023,multiclass,trades,aam_trans,10,gaussian,0.1,0.7263876780005812,0.5073812566317608,0.5108222524052786,0.6916323637595219,0.9615321109489297,
CICIoT2023,multiclass,trades,aam_trans,10,fgsm,0.1,0.6866221059769447,0.46435628279438035,0.46626021634919057,0.6451239172631656,0.9506251713658211,
CICIoT2023,multiclass,trades,aam_trans,10,pgd,0.1,0.6851690400077497,0.4630180475002627,0.4643845326265221,0.6434118362095861,0.9512801049729136,0.0
CICIoT2023,multiclass,trades,aam_trans,10,transfer_mlp,0.1,0.7023152184442507,0.4807644769024916,0.4829183069973052,0.6635802155927177,0.9549481806776621,
CICIoT2023,multiclass,trades,aam_trans,10,transfer_tf,0.1,0.7030901869611547,0.48179158611373796,0.484348344016304,0.664458247126896,0.9552333338076932,
CICIoT2023,multiclass,trades,aam_trans,10,pgd_constrained,0.1,0.6927734185798702,0.47082456847621496,0.4725132270584692,0.6523172889841836,0.9532816130063932,1.0
CICIoT2023,multiclass,trades,aam_trans,10,square,0.1,0.683,0.4994086869867736,0.49584839877371534,0.6455323322502938,nan,
CICIoT2023,multiclass,trades,aam_trans,10,square_clean_subset,0,0.726,0.5451331165764703,0.5442879405275032,0.6951681712331995,nan,
CICIoMT2024,multiclass,trades,transformer,1,clean,0,0.8181883382342394,0.75195682323764,0.7444000341281324,0.7977119414820534,0.9915601378704929,
CICIoMT2024,multiclass,trades,transformer,1,gaussian,0.1,0.8106576776877286,0.7426387118912142,0.7354725768720436,0.7891921362214905,0.9910091673522065,
CICIoMT2024,multiclass,trades,transformer,1,fgsm,0.1,0.7392957039374597,0.6550823014049351,0.6446161354097208,0.7093518087342972,0.9842238240616102,
CICIoMT2024,multiclass,trades,transformer,1,pgd,0.1,0.7364986014487557,0.6516747410839601,0.6409713445605264,0.706209609321983,0.9841054355959432,0.0
CICIoMT2024,multiclass,trades,transformer,1,transfer_mlp,0.1,0.7572975686724521,0.6771939379846167,0.6672505320748716,0.729587289978235,0.9868932111128234,
CICIoMT2024,multiclass,trades,transformer,1,transfer_tf,0.1,0.7516316431184107,0.6701430360819727,0.6600784628524938,0.7232036378014706,0.9861309560938413,
CICIoMT2024,multiclass,trades,transformer,1,pgd_constrained,0.1,0.745607114681202,0.6627140763587209,0.6522613408873221,0.7164509344760777,0.9854265508439796,1.0
CICIoMT2024,multiclass,trades,transformer,1,square,0.1,0.7305,0.6572661175125757,0.6490957358527397,0.7028646720997426,0.9866738023800194,
CICIoMT2024,multiclass,trades,transformer,1,square_clean_subset,0,0.8165,0.7614054394277382,0.7539888081037946,0.7984045700795649,0.9913520080981388,
CICIoMT2024,multiclass,trades,aam_trans,1,clean,0,0.8445097898587105,0.784573576388122,0.7824843493659842,0.8264693814357542,0.992538789685751,
CICIoMT2024,multiclass,trades,aam_trans,1,gaussian,0.1,0.8328910564440938,0.7704235887429526,0.768412192135961,0.8134076676586656,0.9920563551277963,
CICIoMT2024,multiclass,trades,aam_trans,1,fgsm,0.1,0.7610270386573909,0.6821791121877301,0.6780426933530894,0.7329300767159388,0.9869805805737786,
CICIoMT2024,multiclass,trades,aam_trans,1,pgd,0.1,0.7591623036649214,0.6798984104333441,0.6757740240475028,0.7308413113387903,0.986951018394234,0.0
CICIoMT2024,multiclass,trades,aam_trans,1,transfer_mlp,0.1,0.7667646847880657,0.6893782720592397,0.685495957712671,0.7393527994984098,0.9878007418231649,
CICIoMT2024,multiclass,trades,aam_trans,1,transfer_tf,0.1,0.7674101699777667,0.6902147921034666,0.6865204911713091,0.7400919414832817,0.9881413429177808,
CICIoMT2024,multiclass,trades,aam_trans,1,pgd_constrained,0.1,0.7634655382629276,0.6852826456693213,0.681289402526908,0.7356611865449167,0.9873720982091287,1.0
CICIoMT2024,multiclass,trades,aam_trans,1,square,0.1,0.752,0.6839598615017966,0.680893357238721,0.7260463850261148,0.987927887305986,
CICIoMT2024,multiclass,trades,aam_trans,1,square_clean_subset,0,0.843,0.7936922717630949,0.7931859416697742,0.8269014477769852,0.9922716693753193,
CICIoMT2024,multiclass,trades,transformer,2,clean,0,0.8175428530445384,0.7512841845230526,0.7438097518546436,0.7969791492586403,0.9915024964283207,
CICIoMT2024,multiclass,trades,transformer,2,gaussian,0.1,0.8128092949867317,0.7451314788151207,0.737293681210347,0.7916475557069805,0.9910482925524565,
CICIoMT2024,multiclass,trades,transformer,2,fgsm,0.1,0.7305457935881805,0.6425736368393502,0.6273764229563085,0.6995517199068811,0.9833627190807186,
CICIoMT2024,multiclass,trades,transformer,2,pgd,0.1,0.7280355734060102,0.6393218453888931,0.6237545252414073,0.6967098412640118,0.9832029420664866,0.0
CICIoMT2024,multiclass,trades,transformer,2,transfer_mlp,0.1,0.7600946711611561,0.6798707918865314,0.6682324765781282,0.7327309420189155,0.9863476249774755,
CICIoMT2024,multiclass,trades,transformer,2,transfer_tf,0.1,0.7509144373520763,0.6685956753510767,0.6562962662004018,0.7224164335132037,0.9857306568754347,
CICIoMT2024,multiclass,trades,transformer,2,pgd_constrained,0.1,0.743312056228932,0.6583288110071182,0.6436597900956009,0.7139253749590098,0.9848409299537012,1.0
CICIoMT2024,multiclass,trades,transformer,2,square,0.1,0.723,0.6391254293347332,0.615891162688456,0.6914783035851236,0.9863377111046379,
CICIoMT2024,multiclass,trades,transformer,2,square_clean_subset,0,0.816,0.7498152730879489,0.7312573746109496,0.7955446126851017,0.9913817312500054,
CICIoMT2024,multiclass,trades,aam_trans,2,clean,0,0.8432905400559421,0.7873674842192532,0.787038248259405,0.8250540934206079,0.9925827341651361,
CICIoMT2024,multiclass,trades,aam_trans,2,gaussian,0.1,0.835544717779531,0.7777862149780905,0.7775713762055305,0.8163418551243703,0.9920705014533407,
CICIoMT2024,multiclass,trades,aam_trans,2,fgsm,0.1,0.7613139209639246,0.6846446004808024,0.6815329503116203,0.7332621778254643,0.9869033261310035,
CICIoMT2024,multiclass,trades,aam_trans,2,pgd,0.1,0.7598795094312558,0.68282967584527,0.6797083947355099,0.7316503908755794,0.9868675216997942,0.0
CICIoMT2024,multiclass,trades,aam_trans,2,transfer_mlp,0.1,0.7678404934375672,0.6931495450050204,0.6901611734732159,0.7405815807639516,0.9878051354169327,
CICIoMT2024,multiclass,trades,aam_trans,2,transfer_tf,0.1,0.7683425374740013,0.6940057347752205,0.6911572873310083,0.7411578454923923,0.9879258728967175,
CICIoMT2024,multiclass,trades,aam_trans,2,pgd_constrained,0.1,0.7646847880656961,0.6890095621808271,0.6860868057351536,0.7370405198033321,0.9873126827920108,1.0
CICIoMT2024,multiclass,trades,aam_trans,2,square,0.1,0.75,0.6696867426311557,0.6564340820978565,0.7209571904018472,0.9877956765822461,
CICIoMT2024,multiclass,trades,aam_trans,2,square_clean_subset,0,0.841,0.781571001757463,0.7731009932355242,0.8227117971443609,0.9922420733715,
CICIoMT2024,multiclass,trades,transformer,3,clean,0,0.8240694255181812,0.759358406326849,0.7562635101559304,0.8037198859347202,0.9917151424718122,
CICIoMT2024,multiclass,trades,transformer,3,gaussian,0.1,0.8175428530445384,0.7514364888571183,0.7483317899926155,0.7963598918758205,0.9911338380313502,
CICIoMT2024,multiclass,trades,transformer,3,fgsm,0.1,0.7371440866384565,0.6515314480005658,0.6437288242046048,0.7063131174602857,0.9848747669486814,
CICIoMT2024,multiclass,trades,transformer,3,pgd,0.1,0.7341318224198523,0.6477261601330098,0.6394457049993236,0.7029413188303459,0.9847160031104797,0.0
CICIoMT2024,multiclass,trades,transformer,3,transfer_mlp,0.1,0.7537115398407803,0.6730435583266126,0.6667279621654655,0.7249329455075191,0.9869403229926191,
CICIoMT2024,multiclass,trades,transformer,3,transfer_tf,0.1,0.7485476583231729,0.6666066915116877,0.6599901814059682,0.7191248379817594,0.9863020371868019,
CICIoMT2024,multiclass,trades,transformer,3,pgd_constrained,0.1,0.743312056228932,0.6599004893866569,0.6525112479927101,0.7132505940133002,0.9857485940953645,1.0
CICIoMT2024,multiclass,trades,transformer,3,square,0.1,0.742,0.6506064736554725,0.642508513625702,0.7113102209155274,0.9871329975373326,
CICIoMT2024,multiclass,trades,transformer,3,square_clean_subset,0,0.824,0.7521523313424193,0.7467429114992626,0.8034065185070306,0.9913607349602863,
CICIoMT2024,multiclass,trades,aam_trans,3,clean,0,0.8445097898587105,0.7848022387599989,0.7824536704361968,0.8264330833742164,0.9923501001606769,
CICIoMT2024,multiclass,trades,aam_trans,3,gaussian,0.1,0.8297353510722226,0.7668195866132305,0.7647134491736399,0.8098136431050151,0.9917984226428592,
CICIoMT2024,multiclass,trades,aam_trans,3,fgsm,0.1,0.7545004661837481,0.6746003650029123,0.6703480972795179,0.7255175027089847,0.9864944861512017,
CICIoMT2024,multiclass,trades,aam_trans,3,pgd,0.1,0.7529226134978125,0.6726705404415089,0.6684035639267004,0.7237519890991535,0.9864762110104962,0.0
CICIoMT2024,multiclass,trades,aam_trans,3,transfer_mlp,0.1,0.7609553180807573,0.6824951018450176,0.6784515737052901,0.7327728751990163,0.9873108755765475,
CICIoMT2024,multiclass,trades,aam_trans,3,transfer_tf,0.1,0.7631786559563939,0.6852009077800277,0.6811231396570231,0.7352668592744972,0.9875840739423247,
CICIoMT2024,multiclass,trades,aam_trans,3,pgd_constrained,0.1,0.7578713332855196,0.6787231720204562,0.6742902128853658,0.7293326548380865,0.9869310856667892,1.0
CICIoMT2024,multiclass,trades,aam_trans,3,square,0.1,0.755,0.6658204594444049,0.6607185717114981,0.7256292745788598,0.9880613609014961,
CICIoMT2024,multiclass,trades,aam_trans,3,square_clean_subset,0,0.8405,0.7741152637401325,0.7685531264595532,0.8217887601929027,0.9921120713013759,
CICIoMT2024,multiclass,trades,transformer,4,clean,0,0.8143871476726673,0.7450114733186719,0.73555351621672,0.7937706823978342,0.9912546081155166,
CICIoMT2024,multiclass,trades,transformer,4,gaussian,0.1,0.8094384278849602,0.73876373341726,0.7294474898739627,0.7881301935690324,0.9906634196967399,
CICIoMT2024,multiclass,trades,transformer,4,fgsm,0.1,0.735566233952521,0.6470316320540298,0.6321575735635859,0.7053571745537894,0.983666027351232,
CICIoMT2024,multiclass,trades,transformer,4,pgd,0.1,0.7318367639675823,0.6424702285452579,0.6268706581691256,0.7012017536139101,0.9835679948684868,0.0
CICIoMT2024,multiclass,trades,transformer,4,transfer_mlp,0.1,0.7553611131033493,0.6722960024786643,0.6592413725465037,0.7276647995690028,0.9863020449851995,
CICIoMT2024,multiclass,trades,transformer,4,transfer_tf,0.1,0.7492648640895073,0.664014680390819,0.6496441736665094,0.7208277689212667,0.985919187171941,
CICIoMT2024,multiclass,trades,transformer,4,pgd_constrained,0.1,0.7436706591120993,0.657125528767645,0.6417419787373824,0.7145770781853384,0.9849876151509439,1.0
CICIoMT2024,multiclass,trades,transformer,4,square,0.1,0.726,0.6458072578059838,0.6270239056709521,0.6966552573206055,0.9850952550533796,
CICIoMT2024,multiclass,trades,transformer,4,square_clean_subset,0,0.814,0.7516769456447984,0.7383689054761614,0.7947482431836077,0.9902198608564522,
CICIoMT2024,multiclass,trades,aam_trans,4,clean,0,0.842143010829807,0.7818199786260653,0.7809243525126685,0.8239058309573101,0.9922335386837474,
CICIoMT2024,multiclass,trades,aam_trans,4,gaussian,0.1,0.8309546008749911,0.7683038918010062,0.7675178435661935,0.8112783320917883,0.9916868237680061,
CICIoMT2024,multiclass,trades,aam_trans,4,fgsm,0.1,0.7549307896435488,0.6746219562344207,0.6709092842153818,0.726189136683944,0.986412512981191,
CICIoMT2024,multiclass,trades,aam_trans,4,pgd,0.1,0.7527074517679122,0.6718421193181863,0.6680001241809582,0.7237070501212078,0.9863608534736441,0.0
CICIoMT2024,multiclass,trades,aam_trans,4,transfer_mlp,0.1,0.7626048913433264,0.6842500758291822,0.6808231545610436,0.7348071139142773,0.9875002394194995,
CICIoMT2024,multiclass,trades,aam_trans,4,transfer_tf,0.1,0.7650433909488632,0.6874141479813938,0.6840246206014544,0.7375044530346124,0.9876287922012764,
CICIoMT2024,multiclass,trades,aam_trans,4,pgd_constrained,0.1,0.7611704798106577,0.68249568986427,0.678900789235392,0.7331610999840693,0.9869331799500966,1.0
CICIoMT2024,multiclass,trades,aam_trans,4,square,0.1,0.741,0.6625718350448828,0.6527196891453656,0.7124550702418908,0.9868474756689146,
CICIoMT2024,multiclass,trades,aam_trans,4,square_clean_subset,0,0.8365,0.7770157860413367,0.7712325051123036,0.8188425128837611,0.9912873094287086,
CICIoMT2024,multiclass,trades,transformer,5,clean,0,0.8205551172631428,0.7564125140905031,0.7484772541263972,0.8000641571527886,0.991323577405212,
CICIoMT2024,multiclass,trades,transformer,5,gaussian,0.1,0.814674029979201,0.7493406089756033,0.7414705752500392,0.7934277936228814,0.9906792438648013,
CICIoMT2024,multiclass,trades,transformer,5,fgsm,0.1,0.7385067775944919,0.6550953160805038,0.6430196582898262,0.7081379676949346,0.9841722989482307,
CICIoMT2024,multiclass,trades,transformer,5,pgd,0.1,0.7339883812665854,0.64956900029103,0.6373553375822208,0.7031071513489333,0.9840357554663925,0.0
CICIoMT2024,multiclass,trades,transformer,5,transfer_mlp,0.1,0.7543570250304813,0.6753400167791649,0.6646964979843438,0.7259414236204405,0.9864334668064597,
CICIoMT2024,multiclass,trades,transformer,5,transfer_tf,0.1,0.7496234669726745,0.6694429580643181,0.6585877714181558,0.7205853021709672,0.9856727350008079,
CICIoMT2024,multiclass,trades,transformer,5,pgd_constrained,0.1,0.7441009825718998,0.6623611920380031,0.6508048606710229,0.7144377249934045,0.985155508050005,1.0
CICIoMT2024,multiclass,trades,transformer,5,square,0.1,0.7235,0.6331375743077433,0.6208893102573042,0.6914827406420583,0.9852893474826935,
CICIoMT2024,multiclass,trades,transformer,5,square_clean_subset,0,0.813,0.7436924779214583,0.7381010243578786,0.7913438365645675,0.9906492906529147,
CICIoMT2024,multiclass,trades,aam_trans,5,clean,0,0.8417126873700065,0.7834534341253473,0.7793734699486724,0.8233978572147844,0.9921166566369019,
CICIoMT2024,multiclass,trades,aam_trans,5,gaussian,0.1,0.8275837337732196,0.7663207943334097,0.7620939019002012,0.8075343603529527,0.9915406405583475,
CICIoMT2024,multiclass,trades,aam_trans,5,fgsm,0.1,0.75579143656315,0.6772513320476365,0.6705494247289128,0.7271333240576493,0.986186859402236,
CICIoMT2024,multiclass,trades,aam_trans,5,pgd,0.1,0.7538549809940472,0.6747012949831442,0.6677099996184171,0.7249656532677277,0.9861528460812985,0.0
CICIoMT2024,multiclass,trades,aam_trans,5,transfer_mlp,0.1,0.7600946711611561,0.6828171832954745,0.676721901232671,0.7319408584011119,0.9872026655497431,
CICIoMT2024,multiclass,trades,aam_trans,5,transfer_tf,0.1,0.7618159650003586,0.6855660121784766,0.6800362457050092,0.7338459418710598,0.9872581574388996,
CICIoMT2024,multiclass,trades,aam_trans,5,pgd_constrained,0.1,0.7580147744387865,0.6800917076344909,0.6735702847811752,0.7296233668410678,0.986641412824683,1.0
CICIoMT2024,multiclass,trades,aam_trans,5,square,0.1,0.742,0.6572932976939976,0.6526797445968299,0.7115329268633053,0.9866686671711605,
CICIoMT2024,multiclass,trades,aam_trans,5,square_clean_subset,0,0.83,0.7686438347459132,0.7646042392339853,0.8101331304698771,0.9915202973170815,
CICIoMT2024,multiclass,trades,transformer,6,clean,0,0.8246431901312486,0.7605379589369319,0.7535139442395187,0.8047545099802569,0.9914951284693619,
CICIoMT2024,multiclass,trades,transformer,6,gaussian,0.1,0.8207702789930431,0.7558146091422727,0.7489219444469924,0.8003558428471595,0.990981691176656,
CICIoMT2024,multiclass,trades,transformer,6,fgsm,0.1,0.7368572043319228,0.651606697702192,0.6392327516275899,0.7064224679859673,0.9839846959405995,
CICIoMT2024,multiclass,trades,transformer,6,pgd,0.1,0.7329842931937173,0.646943886578153,0.6349178080880434,0.7020430929598183,0.9838273091646875,0.0
CICIoMT2024,multiclass,trades,transformer,6,transfer_mlp,0.1,0.7582299361686868,0.6787785330365154,0.6674147120451634,0.7304836562238421,0.9867260132019391,
CICIoMT2024,multiclass,trades,transformer,6,transfer_tf,0.1,0.7507709961988095,0.6692319553246301,0.6575502113788769,0.7220373700403538,0.9859939267540468,
CICIoMT2024,multiclass,trades,transformer,6,pgd_constrained,0.1,0.7460374381410027,0.6633954352804032,0.650873820046054,0.7167625816631814,0.9851541950563657,1.0
CICIoMT2024,multiclass,trades,transformer,6,square,0.1,0.731,0.6411904359715185,0.6288520666653753,0.6967269419974981,0.98712485356028,
CICIoMT2024,multiclass,trades,transformer,6,square_clean_subset,0,0.8195,0.754676644412439,0.7464960200741193,0.7968775634232157,0.9921416235310014,
CICIoMT2024,multiclass,trades,aam_trans,6,clean,0,0.8505343182959191,0.7960185618526721,0.7947046423962688,0.8331821619857099,0.9924949158756795,
CICIoMT2024,multiclass,trades,aam_trans,6,gaussian,0.1,0.8372660116187334,0.7795618293053564,0.7784514168194532,0.8182763378744662,0.9918553358177522,
CICIoMT2024,multiclass,trades,aam_trans,6,fgsm,0.1,0.7599512300078892,0.6843950390903825,0.6813724638428839,0.7316828162779916,0.986616544063383,
CICIoMT2024,multiclass,trades,aam_trans,6,pgd,0.1,0.7580864950154199,0.6821143373359964,0.6790763290459824,0.7295902167174925,0.9865784922319051,0.0
CICIoMT2024,multiclass,trades,aam_trans,6,transfer_mlp,0.1,0.7654737144086639,0.6911964714153109,0.6882312142325885,0.7378759620900922,0.987497000784577,
CICIoMT2024,multiclass,trades,aam_trans,6,transfer_tf,0.1,0.7670515670945994,0.6933079119885751,0.6905632816074677,0.739651273686918,0.9877492391593705,
CICIoMT2024,multiclass,trades,aam_trans,6,pgd_constrained,0.1,0.7629634942264936,0.6881397882873184,0.684964643691323,0.7350758143592991,0.987026270951965,1.0
CICIoMT2024,multiclass,trades,aam_trans,6,square,0.1,0.751,0.6696299491831392,0.6650768967457028,0.7188897866292226,0.9886150331694118,
CICIoMT2024,multiclass,trades,aam_trans,6,square_clean_subset,0,0.844,0.7883205437093725,0.7846757736908699,0.82420448919016,0.9931192604891453,
CICIoMT2024,multiclass,trades,transformer,7,clean,0,0.8335365416337948,0.7691612879105999,0.7655669925422769,0.8142707323667018,0.9913879849986579,
CICIoMT2024,multiclass,trades,transformer,7,gaussian,0.1,0.8212006024528438,0.7542933636431204,0.7504894130863589,0.8004012626643354,0.9907600685781434,
CICIoMT2024,multiclass,trades,transformer,7,fgsm,0.1,0.7408735566233953,0.6538436707574036,0.6451851487259368,0.710394659804276,0.9845045301972085,
CICIoMT2024,multiclass,trades,transformer,7,pgd,0.1,0.733916660689952,0.6449111281332375,0.6354125321667142,0.7026312323651057,0.9843271011022283,0.0
CICIoMT2024,multiclass,trades,transformer,7,transfer_mlp,0.1,0.7571541275191852,0.6747110778784774,0.6675611841666482,0.7286883797772409,0.9864591704651512,
CICIoMT2024,multiclass,trades,transformer,7,transfer_tf,0.1,0.7552176719500825,0.6722350717952092,0.664433321427894,0.7265533734639811,0.9860735500873631,
CICIoMT2024,multiclass,trades,transformer,7,pgd_constrained,0.1,0.7458939969877357,0.6605153773595743,0.6525811787649337,0.716075251124534,0.985307025631897,1.0
CICIoMT2024,multiclass,trades,transformer,7,square,0.1,0.7295,0.6428363874903164,0.6344924772520796,0.6972213951400908,0.9867165131129525,
CICIoMT2024,multiclass,trades,transformer,7,square_clean_subset,0,0.837,0.775380107186216,0.7712817241128082,0.8179677174647881,0.9919704403832844,
CICIoMT2024,multiclass,trades,aam_trans,7,clean,0,0.8407803198737718,0.7795860751284216,0.7794745046012951,0.8221295457100971,0.992293203362221,
CICIoMT2024,multiclass,trades,aam_trans,7,gaussian,0.1,0.8275120131965861,0.7638446413745316,0.7633981380256176,0.8072458792837038,0.9916366119044616,
CICIoMT2024,multiclass,trades,aam_trans,7,fgsm,0.1,0.754141863300581,0.6730651204144404,0.6705337867787203,0.725033472953295,0.9864555283380705,
CICIoMT2024,multiclass,trades,aam_trans,7,pgd,0.1,0.7524205694613785,0.6709598572565456,0.6683185027720127,0.7230985622293726,0.9863876761343761,0.0
CICIoMT2024,multiclass,trades,aam_trans,7,transfer_mlp,0.1,0.7609553180807573,0.6815665774490305,0.6795218757037697,0.7326824019612935,0.9873793215172758,
CICIoMT2024,multiclass,trades,aam_trans,7,transfer_tf,0.1,0.7616725238470917,0.6826635654622527,0.6804250730938184,0.7334966254509694,0.9874555965464324,
CICIoMT2024,multiclass,trades,aam_trans,7,pgd_constrained,0.1,0.7583733773219536,0.6782876053709479,0.6755524600295133,0.7298129558511856,0.9868694346804907,1.0
CICIoMT2024,multiclass,trades,aam_trans,7,square,0.1,0.742,0.6607478761124727,0.6588568811986933,0.7108972809705701,0.9880366161195915,
CICIoMT2024,multiclass,trades,aam_trans,7,square_clean_subset,0,0.841,0.7824408192907965,0.781593587806332,0.822173868731209,0.99290450335132,
CICIoMT2024,multiclass,trades,transformer,8,clean,0,0.8228501757154127,0.7580758080334223,0.7517987455387359,0.8025738347367322,0.9912744258776036,
CICIoMT2024,multiclass,trades,transformer,8,gaussian,0.1,0.8182600588108728,0.7524482806350993,0.7468364896417369,0.7973317228925482,0.990694489832571,
CICIoMT2024,multiclass,trades,transformer,8,fgsm,0.1,0.7348490281861866,0.6494173695984169,0.6398943105298048,0.7039398328937312,0.9841001085300527,
CICIoMT2024,multiclass,trades,transformer,8,pgd,0.1,0.7310478376246144,0.6446336771395549,0.6349999755349989,0.6996583791524021,0.9839319922323293,0.0
CICIoMT2024,multiclass,trades,transformer,8,transfer_mlp,0.1,0.75579143656315,0.6758296018018966,0.667057099455706,0.7274826622777757,0.9863844815891784,
CICIoMT2024,multiclass,trades,transformer,8,transfer_tf,0.1,0.7500537904324751,0.6683501082290003,0.6591764040362859,0.7210192642205822,0.9857744512968056,
CICIoMT2024,multiclass,trades,transformer,8,pgd_constrained,0.1,0.7441727031485333,0.6607938937491387,0.6509983963164313,0.7144555125214508,0.9851290532473949,1.0
CICIoMT2024,multiclass,trades,transformer,8,square,0.1,0.744,0.6522341160156734,0.6463333724511419,0.7133814916468093,0.9861476429235537,
CICIoMT2024,multiclass,trades,transformer,8,square_clean_subset,0,0.8305,0.7647666511270901,0.7606816508642348,0.8106797510550328,0.9908383930683913,
CICIoMT2024,multiclass,trades,aam_trans,8,clean,0,0.8434339812092089,0.7849463294072797,0.7837680627707082,0.825176867894297,0.992126969706768,
CICIoMT2024,multiclass,trades,aam_trans,8,gaussian,0.1,0.8275837337732196,0.7657419805068596,0.7645370993830286,0.8073861537005872,0.9915771750257998,
CICIoMT2024,multiclass,trades,aam_trans,8,fgsm,0.1,0.7545721867603815,0.675428069802885,0.6718847244722451,0.7255365635225828,0.9861824581295343,
CICIoMT2024,multiclass,trades,aam_trans,8,pgd,0.1,0.7494083052427741,0.6690517416585804,0.6654833103713171,0.7197752065474512,0.9861349746963867,0.0
CICIoMT2024,multiclass,trades,aam_trans,8,transfer_mlp,0.1,0.7599512300078892,0.6822356795431828,0.6791086283061487,0.7315660170728168,0.9871654669188513,
CICIoMT2024,multiclass,trades,aam_trans,8,transfer_tf,0.1,0.7613139209639246,0.6840839622217101,0.6811431077603484,0.7330954228521382,0.9874518928722397,
CICIoMT2024,multiclass,trades,aam_trans,8,pgd_constrained,0.1,0.7580147744387865,0.679820212130535,0.676383601069632,0.7294144613268532,0.9867196873884424,1.0
CICIoMT2024,multiclass,trades,aam_trans,8,square,0.1,0.7465,0.6611114933468357,0.6582716762471801,0.7158269061480251,0.9880471019936081,
CICIoMT2024,multiclass,trades,aam_trans,8,square_clean_subset,0,0.854,0.7978955289768104,0.7983983367221016,0.8366072744906579,0.9926649190550174,
CICIoMT2024,multiclass,trades,transformer,9,clean,0,0.8196227497669081,0.7521614787331723,0.7488071657983261,0.7991809704375569,0.9918093865944706,
CICIoMT2024,multiclass,trades,transformer,9,gaussian,0.1,0.815319515168902,0.746777243497195,0.7438736473116027,0.7942185643234291,0.9912358996159853,
CICIoMT2024,multiclass,trades,transformer,9,fgsm,0.1,0.73951086566736,0.6517867583021273,0.6421973284379541,0.7093705465109506,0.9842499747914024,
CICIoMT2024,multiclass,trades,transformer,9,pgd,0.1,0.7359248368356882,0.6474007933898465,0.6374131229129238,0.7053750676131046,0.9840960570684864,0.0
CICIoMT2024,multiclass,trades,transformer,9,transfer_mlp,0.1,0.7547156279136484,0.6720849017357677,0.665825052877286,0.7264520386019071,0.9866041627163046,
CICIoMT2024,multiclass,trades,transformer,9,transfer_tf,0.1,0.7521336871548447,0.668772375608273,0.6617991362452114,0.7235659640146666,0.9860388170872048,
CICIoMT2024,multiclass,trades,transformer,9,pgd_constrained,0.1,0.7461091587176361,0.6605564131669585,0.652048355227451,0.7167854226930572,0.9854186283047576,1.0
CICIoMT2024,multiclass,trades,transformer,9,square,0.1,0.7345,0.6349904434518386,0.6212967699318966,0.7046221585334768,0.9870181393434907,
CICIoMT2024,multiclass,trades,transformer,9,square_clean_subset,0,0.8225,0.7491969381891692,0.7460953501643082,0.8028725280630566,0.9922164665353598,
CICIoMT2024,multiclass,trades,aam_trans,9,clean,0,0.8492433479165172,0.7894591832409664,0.7888498294006168,0.8319789656648554,0.9928212671150124,
CICIoMT2024,multiclass,trades,aam_trans,9,gaussian,0.1,0.8353295560496307,0.7723945930213011,0.7722458477493049,0.8162483725483609,0.9922268610146998,
CICIoMT2024,multiclass,trades,aam_trans,9,fgsm,0.1,0.7689163020870687,0.6904423567113263,0.6879459642399538,0.7419118146630497,0.9875406361500567,
CICIoMT2024,multiclass,trades,aam_trans,9,pgd,0.1,0.7674818905544001,0.688687970746414,0.686275952866534,0.7402968521328952,0.9874946671359489,0.0
CICIoMT2024,multiclass,trades,aam_trans,9,transfer_mlp,0.1,0.773721580721509,0.6963531037431948,0.6942639269006893,0.7472971950419794,0.9882420534820862,
CICIoMT2024,multiclass,trades,aam_trans,9,transfer_tf,0.1,0.7762318009036793,0.6999457675656584,0.6981466659464711,0.7501151759985946,0.9886376999483308,
CICIoMT2024,multiclass,trades,aam_trans,9,pgd_constrained,0.1,0.7721437280355734,0.6944367714923952,0.6920588521885206,0.7455404606299917,0.9879554467985681,1.0
CICIoMT2024,multiclass,trades,aam_trans,9,square,0.1,0.7735,0.6882008969430216,0.684752999855866,0.747594409053623,0.9896529052438515,
CICIoMT2024,multiclass,trades,aam_trans,9,square_clean_subset,0,0.8545,0.7919356872523253,0.7889392437802863,0.8382418303832871,0.9933297001779879,
CICIoMT2024,multiclass,trades,transformer,10,clean,0,0.8292333070357886,0.7651270498520448,0.7626529276681587,0.809459768255433,0.9915966737143831,
CICIoMT2024,multiclass,trades,transformer,10,gaussian,0.1,0.8235673814817471,0.7578339932669201,0.7549347899661845,0.8030639227889356,0.9910619422026204,
CICIoMT2024,multiclass,trades,transformer,10,fgsm,0.1,0.7364268808721222,0.6487617660053726,0.6396207795418964,0.7054329414742709,0.9844117479844388,
CICIoMT2024,multiclass,trades,transformer,10,pgd,0.1,0.7318367639675823,0.6430871922470334,0.6338500638240459,0.7002782492304663,0.9842725944561216,0.0
CICIoMT2024,multiclass,trades,transformer,10,transfer_mlp,0.1,0.7530660546510793,0.6714512917008288,0.6658437722083426,0.724166890599937,0.98647279892712,
CICIoMT2024,multiclass,trades,transformer,10,transfer_tf,0.1,0.7494083052427741,0.6660313484120938,0.6592515591703682,0.7200433643899674,0.9860261364619999,
CICIoMT2024,multiclass,trades,transformer,10,pgd_constrained,0.1,0.7445313060317005,0.6587210930671433,0.6502611117488144,0.7145218704271972,0.9853932076504756,1.0
CICIoMT2024,multiclass,trades,transformer,10,square,0.1,0.7335,0.6605838545915574,0.650480117936493,0.7047934396775941,0.9867729238595222,
CICIoMT2024,multiclass,trades,transformer,10,square_clean_subset,0,0.834,0.7815954379250761,0.7770624136523541,0.8165909119561533,0.9916855525382579,
CICIoMT2024,multiclass,trades,aam_trans,10,clean,0,0.8423581725597074,0.782827717848342,0.781788805084021,0.8241060937641349,0.9923667820676526,
CICIoMT2024,multiclass,trades,aam_trans,10,gaussian,0.1,0.8289464247292548,0.7664982400576362,0.765546074387926,0.8090042987155672,0.9917899699781486,
CICIoMT2024,multiclass,trades,aam_trans,10,fgsm,0.1,0.7593057448181884,0.6807062203572455,0.6770587056690328,0.7310178976109643,0.9865807771710093,
CICIoMT2024,multiclass,trades,aam_trans,10,pgd,0.1,0.7576561715556193,0.6786886764975962,0.6750338288058962,0.7291651346165003,0.9865303107751764,0.0
CICIoMT2024,multiclass,trades,aam_trans,10,transfer_mlp,0.1,0.7638958617227283,0.6866611278169712,0.6831520308513198,0.7361708810733747,0.9874003223999431,
CICIoMT2024,multiclass,trades,aam_trans,10,transfer_tf,0.1,0.7647565086423295,0.6877608057559348,0.6847304596372501,0.7371231467711226,0.9877272454395293,
CICIoMT2024,multiclass,trades,aam_trans,10,pgd_constrained,0.1,0.7614573621171914,0.6836786716766204,0.6800697191708348,0.7334329730394086,0.9870159217258166,1.0
CICIoMT2024,multiclass,trades,aam_trans,10,square,0.1,0.7585,0.693952240960694,0.6890271646719723,0.7325433472494206,0.9877810767957266,
CICIoMT2024,multiclass,trades,aam_trans,10,square_clean_subset,0,0.8445,0.7955130977788805,0.7923596954864816,0.8280923000402082,0.9921243813124732,
TON_IoT,multiclass,trades,transformer,1,clean,0,0.8737531636147089,0.7753075194262855,0.787964459331198,0.8383427333359585,0.9857697465511508,
TON_IoT,multiclass,trades,transformer,1,gaussian,0.1,0.8685425040940896,0.7671839585804131,0.7804592876916892,0.8318430021700556,0.9851650028920014,
TON_IoT,multiclass,trades,transformer,1,fgsm,0.1,0.8343010272443055,0.7079117698736811,0.7224574700649309,0.787704320773824,0.9728883762425669,
TON_IoT,multiclass,trades,transformer,1,pgd,0.1,0.8316212594908441,0.7040623462262413,0.7176141852113554,0.7844050285875371,0.9723145491368612,0.0
TON_IoT,multiclass,trades,transformer,1,transfer_mlp,0.1,0.8448712222718475,0.7299101959442929,0.7431557327218058,0.8017879403347431,0.9778300222449244,
TON_IoT,multiclass,trades,transformer,1,transfer_tf,0.1,0.8475509900253089,0.7350371098745435,0.7453800956174974,0.805687571439789,0.9789277110403317,
TON_IoT,multiclass,trades,transformer,1,pgd_constrained,0.1,0.8474021140390056,0.7389467813101465,0.7470316175769893,0.8054295167532033,0.978056474342409,1.0
TON_IoT,multiclass,trades,transformer,1,square,0.1,0.8295,0.7053624403807339,0.7173258162523697,0.7817562161660975,0.9786520181959582,
TON_IoT,multiclass,trades,transformer,1,square_clean_subset,0,0.8725,0.7779230439121105,0.7919137506893872,0.8368598201308897,0.9847559929423136,
TON_IoT,multiclass,trades,aam_trans,1,clean,0,0.9263063867798124,0.8529800862111548,0.8594718520672631,0.904606267521799,0.9894696608132515,
TON_IoT,multiclass,trades,aam_trans,1,gaussian,0.1,0.9026351049575704,0.8211205834418921,0.8282534836782658,0.8742928817031312,0.9878744781176432,
TON_IoT,multiclass,trades,aam_trans,1,fgsm,0.1,0.8441268423403305,0.7496608953029209,0.7509112102537983,0.8005278000612049,0.9805324749832606,
TON_IoT,multiclass,trades,aam_trans,1,pgd,0.1,0.8439779663540271,0.7499373180671487,0.7513139809183625,0.7999931975203322,0.9803776987241776,0.0
TON_IoT,multiclass,trades,aam_trans,1,transfer_mlp,0.1,0.848295369956826,0.7581217425429724,0.7588644408220736,0.8059115863419878,0.9834024025759351,
TON_IoT,multiclass,trades,aam_trans,1,transfer_tf,0.1,0.851570641655501,0.7618966954619931,0.7625406873023326,0.8099404429881095,0.9843766954733504,
TON_IoT,multiclass,trades,aam_trans,1,pgd_constrained,0.1,0.8569301771624237,0.7653234969289373,0.7651645502761196,0.8163507466145435,0.98287175255748,1.0
TON_IoT,multiclass,trades,aam_trans,1,square,0.1,0.8405,0.747540641185605,0.7462494886077243,0.7960699295540684,0.9847982026993802,
TON_IoT,multiclass,trades,aam_trans,1,square_clean_subset,0,0.923,0.8534080811197885,0.8579718262274076,0.9006961355127097,0.9905459592475273,
TON_IoT,multiclass,trades,transformer,2,clean,0,0.8725621557242816,0.7624176747484978,0.7679013885181842,0.8361778689013853,0.9872712919937744,
TON_IoT,multiclass,trades,transformer,2,gaussian,0.1,0.8667559922584487,0.755012301983189,0.7594410659840858,0.8290831668856852,0.9858321213493001,
TON_IoT,multiclass,trades,transformer,2,fgsm,0.1,0.8456156022033646,0.7261997642470757,0.7278911679242416,0.8027954858102709,0.9725499283495587,
TON_IoT,multiclass,trades,transformer,2,pgd,0.1,0.8439779663540271,0.7225940731901652,0.7248586769882307,0.8006155687228478,0.9723133515934098,0.0
TON_IoT,multiclass,trades,transformer,2,transfer_mlp,0.1,0.8484442459431294,0.7313181826178888,0.7310862096466518,0.8062937103816392,0.9784131058069983,
TON_IoT,multiclass,trades,transformer,2,transfer_tf,0.1,0.8538037814500521,0.7378360524068508,0.7400904630731172,0.8130217437087359,0.980314461744579,
TON_IoT,multiclass,trades,transformer,2,pgd_constrained,0.1,0.8481464939705226,0.7321347235966691,0.731175813201111,0.8063252683730284,0.9784791696725804,1.0
TON_IoT,multiclass,trades,transformer,2,square,0.1,0.837,0.7169447936272869,0.7092163451102185,0.7931140040911949,0.9789854316714355,
TON_IoT,multiclass,trades,transformer,2,square_clean_subset,0,0.867,0.7566422120261358,0.753001432351726,0.8299559279620616,0.9876228718431191,
TON_IoT,multiclass,trades,aam_trans,2,clean,0,0.8749441715051363,0.765692512982086,0.7609986465400724,0.8405486307377154,0.9883000628847715,
TON_IoT,multiclass,trades,aam_trans,2,gaussian,0.1,0.8736042876284056,0.7655409210301375,0.7653649978544907,0.8386370463383109,0.9863095235895012,
TON_IoT,multiclass,trades,aam_trans,2,fgsm,0.1,0.8570790531487271,0.7443434916612699,0.7407264523456835,0.8183690240404156,0.9771743234320992,
TON_IoT,multiclass,trades,aam_trans,2,pgd,0.1,0.8567813011761203,0.7440101583279366,0.7404299905817106,0.8179510938457704,0.9768278802184829,0.0
TON_IoT,multiclass,trades,aam_trans,2,transfer_mlp,0.1,0.8588655649843681,0.7476727599539528,0.7435667210437568,0.8206551292381519,0.9803118113140206,
TON_IoT,multiclass,trades,aam_trans,2,transfer_tf,0.1,0.8661604883132351,0.7557942078973403,0.7515858632584643,0.8296091216321922,0.98085504582623,
TON_IoT,multiclass,trades,aam_trans,2,pgd_constrained,0.1,0.8606520768200089,0.7483434916612699,0.7440567689927974,0.8227154338412188,0.9803944159836746,1.0
TON_IoT,multiclass,trades,aam_trans,2,square,0.1,0.849,0.7367067716186427,0.7240694118538167,0.8094756639850941,0.9825547628190405,
TON_IoT,multiclass,trades,aam_trans,2,square_clean_subset,0,0.8615,0.7506284117239289,0.7366270444161079,0.8249304049468115,0.9879028864207395,
TON_IoT,multiclass,trades,transformer,3,clean,0,0.86943576001191,0.7595956827900702,0.7717380599695911,0.8319113164143945,0.9836601902966805,
TON_IoT,multiclass,trades,transformer,3,gaussian,0.1,0.8633318445734703,0.7476106299054542,0.7612830335220755,0.823931336452783,0.9820869891596299,
TON_IoT,multiclass,trades,transformer,3,fgsm,0.1,0.835194283162126,0.7008231524031829,0.7150814303403321,0.7879566931381041,0.9687058763826949,
TON_IoT,multiclass,trades,transformer,3,pgd,0.1,0.833407771326485,0.6990868478535078,0.7134916933949371,0.785417622650689,0.9685258388387895,0.0
TON_IoT,multiclass,trades,transformer,3,transfer_mlp,0.1,0.8386184308471044,0.7063186529854019,0.7197622547950615,0.7925625524974494,0.9745372832320086,
TON_IoT,multiclass,trades,transformer,3,transfer_tf,0.1,0.844275718326634,0.7117756160636015,0.7271726924425005,0.7997545671778927,0.973062958069544,
TON_IoT,multiclass,trades,transformer,3,pgd_constrained,0.1,0.8372785469703736,0.7040426645983049,0.7168176092863672,0.7908485913881435,0.9737214091769631,1.0
TON_IoT,multiclass,trades,transformer,3,square,0.1,0.833,0.7045654411061999,0.7139003108314228,0.7837147962457545,0.980006033838152,
TON_IoT,multiclass,trades,transformer,3,square_clean_subset,0,0.87,0.7639792109449052,0.7730181322833627,0.8313010407485162,0.9873659515221413,
TON_IoT,multiclass,trades,aam_trans,3,clean,0,0.9243709989578681,0.8280908836584663,0.8378746265910468,0.9017164222304496,0.9889823626078142,
TON_IoT,multiclass,trades,aam_trans,3,gaussian,0.1,0.8968289414917374,0.7894065788493163,0.8019989108543436,0.8661550353925815,0.9878973105002213,
TON_IoT,multiclass,trades,aam_trans,3,fgsm,0.1,0.8439779663540271,0.7127984224622901,0.7269074627973103,0.7983292471983018,0.9808535123676251,
TON_IoT,multiclass,trades,aam_trans,3,pgd,0.1,0.8399583147238351,0.7082984224622901,0.722806990797262,0.7931802148954806,0.9807024038418929,0.0
TON_IoT,multiclass,trades,aam_trans,3,transfer_mlp,0.1,0.852315021587018,0.7235085703437132,0.7361759059868305,0.80917769440651,0.9827214270063122,
TON_IoT,multiclass,trades,aam_trans,3,transfer_tf,0.1,0.8546970373678726,0.7256944099307339,0.7403074560765482,0.8119700143957108,0.9832278890182098,
TON_IoT,multiclass,trades,aam_trans,3,pgd_constrained,0.1,0.85633467321721,0.7311101963599734,0.7417875864788244,0.8142225967846596,0.9829933620939235,1.0
TON_IoT,multiclass,trades,aam_trans,3,square,0.1,0.8345,0.7066556966296009,0.7204094662027427,0.7844770544795182,0.9848325190028685,
TON_IoT,multiclass,trades,aam_trans,3,square_clean_subset,0,0.9255,0.8318805336190931,0.8406919977951898,0.9021378429099873,0.9905825757670275,
TON_IoT,multiclass,trades,transformer,4,clean,0,0.8773261872859908,0.7564408752953585,0.773988650681287,0.8416405474895098,0.9869230033565856,
TON_IoT,multiclass,trades,transformer,4,gaussian,0.1,0.870477891916034,0.7475401686616455,0.7645519639945835,0.8330681214567083,0.9859471859307138,
TON_IoT,multiclass,trades,transformer,4,fgsm,0.1,0.8412981986005658,0.7021559519772247,0.7196291724537341,0.795818615300341,0.9736298631478866,
TON_IoT,multiclass,trades,transformer,4,pgd,0.1,0.8365341670388566,0.6956251980763708,0.7131109103989146,0.7893177117347437,0.9729599478001136,0.0
TON_IoT,multiclass,trades,transformer,4,transfer_mlp,0.1,0.8450200982581509,0.7093118025299602,0.724465080660485,0.8008560896914638,0.9793055064730412,
TON_IoT,multiclass,trades,transformer,4,transfer_tf,0.1,0.8466577341074885,0.7091113343448908,0.7223866614182463,0.8033518425563702,0.9796419163297767,
TON_IoT,multiclass,trades,transformer,4,pgd_constrained,0.1,0.8438290903677237,0.7056117687220216,0.7225023761781391,0.7991521173949513,0.9780990126043762,1.0
TON_IoT,multiclass,trades,transformer,4,square,0.1,0.8385,0.7185891596747748,0.7325019788527796,0.7944359258726487,0.9805027006894328,
TON_IoT,multiclass,trades,transformer,4,square_clean_subset,0,0.8835,0.7858906288977638,0.8002786636950405,0.851082811906403,0.987877001851515,
TON_IoT,multiclass,trades,aam_trans,4,clean,0,0.9267530147387226,0.8349884803374452,0.8338251546555583,0.9051666627095414,0.9894699416904391,
TON_IoT,multiclass,trades,aam_trans,4,gaussian,0.1,0.9033794848890874,0.8064569416149949,0.8053006206415164,0.8751585716286657,0.9882928067530008,
TON_IoT,multiclass,trades,aam_trans,4,fgsm,0.1,0.8393628107786214,0.7297497124408195,0.7255131422901238,0.7930949031789502,0.9798504841086693,
TON_IoT,multiclass,trades,aam_trans,4,pgd,0.1,0.8356409111210362,0.7255830457741528,0.7217562377827706,0.7879911372447637,0.9798334637081763,0.0
TON_IoT,multiclass,trades,aam_trans,4,transfer_mlp,0.1,0.8506773857376805,0.7417571404816737,0.7373532437003398,0.8074724605406923,0.9831297547815595,
TON_IoT,multiclass,trades,aam_trans,4,transfer_tf,0.1,0.8545481613815692,0.747502139355108,0.7419078320494866,0.8124436858849807,0.9835337446954122,
TON_IoT,multiclass,trades,aam_trans,4,pgd_constrained,0.1,0.8502307577787703,0.7421433193434623,0.7371101341709393,0.8065817066668184,0.9822736434618189,1.0
TON_IoT,multiclass,trades,aam_trans,4,square,0.1,0.831,0.7350117456729777,0.7247621947068227,0.7841923246528865,0.9816393770515989,
TON_IoT,multiclass,trades,aam_trans,4,square_clean_subset,0,0.9255,0.8440421118435086,0.8373398749369902,0.9043146056131242,0.9892239077488798,
TON_IoT,multiclass,trades,transformer,5,clean,0,0.8493375018609498,0.7208080351829305,0.734157776615656,0.807024658816073,0.9844001729704936,
TON_IoT,multiclass,trades,transformer,5,gaussian,0.1,0.8538037814500521,0.7291615080056998,0.7419527863826622,0.8126382124050325,0.9835463483260615,
TON_IoT,multiclass,trades,transformer,5,fgsm,0.1,0.8341521512580021,0.6931343069085727,0.7085496480063086,0.7870622343455694,0.970253764416014,
TON_IoT,multiclass,trades,transformer,5,pgd,0.1,0.8323656394223612,0.6906912174776785,0.7064428816984692,0.784684880565498,0.9693669647835479,0.0
TON_IoT,multiclass,trades,transformer,5,transfer_mlp,0.1,0.8380229269018907,0.6987320126598047,0.7119568073424084,0.7922918199617055,0.9766251219227282,
TON_IoT,multiclass,trades,transformer,5,transfer_tf,0.1,0.8386184308471044,0.6990874376207394,0.7112715311369214,0.7931881853983295,0.9772275968855638,
TON_IoT,multiclass,trades,transformer,5,pgd_constrained,0.1,0.8371296709840703,0.6983069498158614,0.7126075118324382,0.7910587057258391,0.9756898993475035,1.0
TON_IoT,multiclass,trades,transformer,5,square,0.1,0.844,0.7244555517980525,0.7421616345789024,0.7975352404628234,0.9832642258005224,
TON_IoT,multiclass,trades,transformer,5,square_clean_subset,0,0.863,0.7574258966016868,0.7768796929669641,0.8227238218409126,0.9885614211521169,
TON_IoT,multiclass,trades,aam_trans,5,clean,0,0.9240732469852613,0.8250560695784342,0.8310861479954129,0.9014592105144957,0.9893168701738446,
TON_IoT,multiclass,trades,aam_trans,5,gaussian,0.1,0.8996575852315022,0.7922148278944533,0.8000063107840448,0.8700043919253426,0.9877876864874594,
TON_IoT,multiclass,trades,aam_trans,5,fgsm,0.1,0.8357897871073395,0.7153497540630442,0.7196978486714372,0.788130936084246,0.9788027645261256,
TON_IoT,multiclass,trades,aam_trans,5,pgd,0.1,0.8340032752716987,0.713170360082475,0.7175731957328443,0.7858392394063979,0.9787845837487776,0.0
TON_IoT,multiclass,trades,aam_trans,5,transfer_mlp,0.1,0.8447223462855441,0.7266790223557271,0.7288638036977918,0.7997071724634188,0.9826072854153448,
TON_IoT,multiclass,trades,aam_trans,5,transfer_tf,0.1,0.8481464939705226,0.7303941250152284,0.7334354090856938,0.8041173599312371,0.9834803054939647,
TON_IoT,multiclass,trades,aam_trans,5,pgd_constrained,0.1,0.8462111061485782,0.7279025995914996,0.7309651861823941,0.8015459152713037,0.9820131972477129,1.0
TON_IoT,multiclass,trades,aam_trans,5,square,0.1,0.8455,0.7479951325956622,0.7574706484963849,0.7987645420064634,0.985756516330494,
TON_IoT,multiclass,trades,aam_trans,5,square_clean_subset,0,0.9315,0.8573397071314997,0.8663987302846048,0.9104185716301039,0.9921845166324517,
TON_IoT,multiclass,trades,transformer,6,clean,0,0.8618430847104362,0.7564279707130469,0.7634565940981608,0.8240270581720986,0.9875993697134368,
TON_IoT,multiclass,trades,transformer,6,gaussian,0.1,0.8630340926008635,0.7549134290589669,0.7658511309897659,0.8249932289746136,0.9866561945025742,
TON_IoT,multiclass,trades,transformer,6,fgsm,0.1,0.8363852910525532,0.6992171718416852,0.7186883328543568,0.7897229667456518,0.9752271326991988,
TON_IoT,multiclass,trades,transformer,6,pgd,0.1,0.8356409111210362,0.6979407490774576,0.7176573819514867,0.7887473125757721,0.9749852516138301,0.0
TON_IoT,multiclass,trades,transformer,6,transfer_mlp,0.1,0.8451689742444544,0.7140195814256697,0.7318954832876617,0.8015028132445017,0.9803556222206021,
TON_IoT,multiclass,trades,transformer,6,transfer_tf,0.1,0.8423403305046896,0.7072823103069126,0.725250193189285,0.7978674222369989,0.9809545006816164,
TON_IoT,multiclass,trades,transformer,6,pgd_constrained,0.1,0.8511240136965907,0.7417751467946938,0.7488004003167211,0.8102238454762433,0.9797136264501249,1.0
TON_IoT,multiclass,trades,transformer,6,square,0.1,0.8205,0.665942935383982,0.681619858582503,0.7695971788831769,0.9805489408601922,
TON_IoT,multiclass,trades,transformer,6,square_clean_subset,0,0.851,0.7255308057279166,0.7320729862001744,0.8104876070915442,0.9864028894140404,
TON_IoT,multiclass,trades,aam_trans,6,clean,0,0.8782194432038112,0.7757873708324716,0.7785459457670111,0.8447875171581894,0.9902095976457577,
TON_IoT,multiclass,trades,aam_trans,6,gaussian,0.1,0.8764329313681704,0.7736865656546452,0.7780627511262426,0.8422186227086154,0.9888118509467038,
TON_IoT,multiclass,trades,aam_trans,6,fgsm,0.1,0.8558880452582999,0.7483059006955476,0.7532422430817796,0.8166408429506083,0.9803038314013977,
TON_IoT,multiclass,trades,aam_trans,6,pgd,0.1,0.8561857972309067,0.7486392340288809,0.7535449681853092,0.8168648301650177,0.9796023348134428,0.0
TON_IoT,multiclass,trades,aam_trans,6,transfer_mlp,0.1,0.8606520768200089,0.7560340751639218,0.7596697214442028,0.8229851448514297,0.9835899609805706,
TON_IoT,multiclass,trades,aam_trans,6,transfer_tf,0.1,0.8634807205597738,0.7580249785135388,0.7619097705343101,0.8262748802386737,0.9846548757658231,
TON_IoT,multiclass,trades,aam_trans,6,pgd_constrained,0.1,0.8688402560666965,0.7635602318321737,0.7671744728431652,0.8327832205347453,0.9837003022776581,1.0
TON_IoT,multiclass,trades,aam_trans,6,square,0.1,0.839,0.7109084531683525,0.7145038564032224,0.7952000434778178,0.9848945646335089,
TON_IoT,multiclass,trades,aam_trans,6,square_clean_subset,0,0.871,0.7482658615275906,0.7504419746697593,0.8352469028093497,0.9893564653586218,
TON_IoT,multiclass,trades,transformer,7,clean,0,0.875241923477743,0.7589702693449996,0.7803161581282383,0.8388164383470145,0.9877796763540501,
TON_IoT,multiclass,trades,transformer,7,gaussian,0.1,0.871222271847551,0.7555712523039817,0.7761762036522686,0.8338336614387747,0.986861414170946,
TON_IoT,multiclass,trades,transformer,7,fgsm,0.1,0.8335566473127884,0.6972960368394905,0.7168674174499478,0.7855770527503706,0.9752439363968358,
TON_IoT,multiclass,trades,transformer,7,pgd,0.1,0.832663391394968,0.696427884564653,0.7162543097368786,0.784301064001655,0.9748642450685885,0.0
TON_IoT,multiclass,trades,transformer,7,transfer_mlp,0.1,0.8390650588060146,0.7063439485730341,0.7266563661632844,0.7930156621230846,0.9799003981540609,
TON_IoT,multiclass,trades,transformer,7,transfer_tf,0.1,0.8436802143814203,0.7177552775508248,0.7364340767281996,0.7992876709318786,0.981491466517468,
TON_IoT,multiclass,trades,transformer,7,pgd_constrained,0.1,0.8369807949977669,0.7038571102640674,0.7223459380124905,0.7902458079766813,0.9793832320751354,1.0
TON_IoT,multiclass,trades,transformer,7,square,0.1,0.8385,0.7164374219170301,0.736672861819697,0.7900618367780471,0.9813921337296307,
TON_IoT,multiclass,trades,transformer,7,square_clean_subset,0,0.869,0.7605668741645429,0.7796949699318926,0.8295368370081364,0.9871334727331126,
TON_IoT,multiclass,trades,aam_trans,7,clean,0,0.9277951466428465,0.8463073271040035,0.8515848745283032,0.9065324472539563,0.9906029827368759,
TON_IoT,multiclass,trades,aam_trans,7,gaussian,0.1,0.9060592526425487,0.8175495612163275,0.8225237040056772,0.8784290516730092,0.9891407254343223,
TON_IoT,multiclass,trades,aam_trans,7,fgsm,0.1,0.8450200982581509,0.7458893447946405,0.751213273977653,0.7991451132933823,0.9815488592465853,
TON_IoT,multiclass,trades,aam_trans,7,pgd,0.1,0.8421914545183862,0.7424194766213825,0.7477116437191674,0.7954954355344517,0.9814535750009343,0.0
TON_IoT,multiclass,trades,aam_trans,7,transfer_mlp,0.1,0.8526127735596248,0.7553305509863634,0.7605462736710398,0.8089681143127712,0.9837273554412521,
TON_IoT,multiclass,trades,aam_trans,7,transfer_tf,0.1,0.8634807205597738,0.7679853899923806,0.7737957189930162,0.8229814977717042,0.9847479518819501,
TON_IoT,multiclass,trades,aam_trans,7,pgd_constrained,0.1,0.8514217656691976,0.7540838466549133,0.7593603217981965,0.8074215527487988,0.9836908329337675,1.0
TON_IoT,multiclass,trades,aam_trans,7,square,0.1,0.8385,0.7437443409663995,0.7440163392796493,0.789125887017675,0.9832687406341283,
TON_IoT,multiclass,trades,aam_trans,7,square_clean_subset,0,0.9205,0.8425831284152849,0.8442595858960388,0.8963131478565304,0.9896200580278345,
TON_IoT,multiclass,trades,transformer,8,clean,0,0.8652672323954146,0.7673013271385123,0.7736368349225273,0.8276309155780878,0.9848552946510207,
TON_IoT,multiclass,trades,transformer,8,gaussian,0.1,0.8594610689295816,0.7589066428014608,0.7645868814294641,0.8204320668969901,0.9838351420152783,
TON_IoT,multiclass,trades,transformer,8,fgsm,0.1,0.8268572279291351,0.707666882874472,0.7144462059597732,0.7790148670686812,0.9701824488893582,
TON_IoT,multiclass,trades,transformer,8,pgd,0.1,0.8226887003126395,0.703073726636503,0.7095658229875447,0.7736948832241185,0.9700677084332447,0.0
TON_IoT,multiclass,trades,transformer,8,transfer_mlp,0.1,0.8387673068334077,0.7236543707019965,0.7307937032732142,0.794235429622172,0.9762062381683885,
TON_IoT,multiclass,trades,transformer,8,transfer_tf,0.1,0.8423403305046896,0.7338039405023071,0.7376321384273681,0.7992420387191609,0.976209294538901,
TON_IoT,multiclass,trades,transformer,8,pgd_constrained,0.1,0.8408515706416555,0.7370649398076876,0.7377936135287749,0.7975378429898659,0.9755583707010048,1.0
TON_IoT,multiclass,trades,transformer,8,square,0.1,0.831,0.7058094838655431,0.7158119276069219,0.7806356928574916,0.9774085283577019,
TON_IoT,multiclass,trades,transformer,8,square_clean_subset,0,0.876,0.7823155315567659,0.788066085509266,0.8390178939974846,0.9839848978190016,
TON_IoT,multiclass,trades,aam_trans,8,clean,0,0.8663093642995385,0.7703036365393257,0.7644576554471303,0.8307810691120662,0.988282728332958,
TON_IoT,multiclass,trades,aam_trans,8,gaussian,0.1,0.8658627363406283,0.768312823071869,0.7646573993182717,0.8298124092525706,0.9865061508256077,
TON_IoT,multiclass,trades,aam_trans,8,fgsm,0.1,0.8487419979157362,0.747224102150667,0.7431222167180394,0.8081025798953747,0.9764488477164865,
TON_IoT,multiclass,trades,aam_trans,8,pgd,0.1,0.848295369956826,0.7471671915815614,0.7428438832053106,0.807504311321048,0.9763142360379803,0.0
TON_IoT,multiclass,trades,aam_trans,8,transfer_mlp,0.1,0.8520172696144112,0.7525312788157484,0.7477978530787305,0.8124009575983393,0.9802963197319586,
TON_IoT,multiclass,trades,aam_trans,8,transfer_tf,0.1,0.8529105255322317,0.7533283233623707,0.7485026485541775,0.8134920668179083,0.9804147225889233,
TON_IoT,multiclass,trades,aam_trans,8,pgd_constrained,0.1,0.8512728896828942,0.7509436143457889,0.7465471024415551,0.8114013917035758,0.9789994320946228,1.0
TON_IoT,multiclass,trades,aam_trans,8,square,0.1,0.855,0.7491605981824186,0.7489199185282441,0.8130179598596774,0.9787930779311786,
TON_IoT,multiclass,trades,aam_trans,8,square_clean_subset,0,0.876,0.7777859430154161,0.7746423681109296,0.8404459878160683,0.9848965850639205,
TON_IoT,multiclass,trades,transformer,9,clean,0,0.8619919606967397,0.7359157977125497,0.7616641395008201,0.8212991949376024,0.9846716770539141,
TON_IoT,multiclass,trades,transformer,9,gaussian,0.1,0.8579723090665475,0.7310773219041571,0.7561725094200822,0.8162642916259957,0.9842748983727316,
TON_IoT,multiclass,trades,transformer,9,fgsm,0.1,0.8238797082030669,0.6852803362675913,0.7068635923478425,0.7724750840522948,0.9702941401471366,
TON_IoT,multiclass,trades,transformer,9,pgd,0.1,0.8226887003126395,0.6835039135033637,0.7051093401760975,0.7708584681122866,0.9699992374320245,0.0
TON_IoT,multiclass,trades,transformer,9,transfer_mlp,0.1,0.8298347476552033,0.695601984732732,0.717051793777922,0.7803691820486179,0.9773977812522319,
TON_IoT,multiclass,trades,transformer,9,transfer_tf,0.1,0.8290903677236862,0.692110114814033,0.7129567368948859,0.7793679155436491,0.9776633977617225,
TON_IoT,multiclass,trades,transformer,9,pgd_constrained,0.1,0.8276016078606521,0.6917012612786719,0.7122086064939279,0.7774581363194245,0.9756845350089071,1.0
TON_IoT,multiclass,trades,transformer,9,square,0.1,0.8295,0.6933135783196868,0.7131081410689759,0.7794736288520354,0.9781109885522492,
TON_IoT,multiclass,trades,transformer,9,square_clean_subset,0,0.8695,0.7441686913627514,0.7702560573334697,0.8305712293744318,0.985698964091205,
TON_IoT,multiclass,trades,aam_trans,9,clean,0,0.9200535953550693,0.8368706562737869,0.8425815685759318,0.8965725916249841,0.9898105698959767,
TON_IoT,multiclass,trades,aam_trans,9,gaussian,0.1,0.9001042131904123,0.8124618995251078,0.8169103622262293,0.8706948892061634,0.9887476862361,
TON_IoT,multiclass,trades,aam_trans,9,fgsm,0.1,0.8521661456007146,0.752461924560944,0.7556450139759573,0.8085090028164755,0.9815085554332619,
TON_IoT,multiclass,trades,aam_trans,9,pgd,0.1,0.8438290903677237,0.7406499318707992,0.7443970995427561,0.7977622893266555,0.981292430856513,0.0
TON_IoT,multiclass,trades,aam_trans,9,transfer_mlp,0.1,0.8572279291350305,0.7612531654439147,0.7647752112080134,0.8150634225932518,0.9848933031220046,
TON_IoT,multiclass,trades,aam_trans,9,transfer_tf,0.1,0.8639273485186839,0.769402882958039,0.7738097011620539,0.8237347859421362,0.9835705447415843,
TON_IoT,multiclass,trades,aam_trans,9,pgd_constrained,0.1,0.8532082775048385,0.756633166362568,0.759709643257816,0.8098945378764965,0.982940794628284,1.0
TON_IoT,multiclass,trades,aam_trans,9,square,0.1,0.845,0.7479957314991613,0.7423936415460739,0.7993555068474787,0.9842938240048019,
TON_IoT,multiclass,trades,aam_trans,9,square_clean_subset,0,0.926,0.8525713130142394,0.8531470876269811,0.9042789984776547,0.9908612671207269,
TON_IoT,multiclass,trades,transformer,10,clean,0,0.8716688998064612,0.7536647780128726,0.7711453193458133,0.8344143658609959,0.9847754574715385,
TON_IoT,multiclass,trades,transformer,10,gaussian,0.1,0.8645228524638976,0.7449407034504707,0.7617378920640652,0.825560407450911,0.9835913441225029,
TON_IoT,multiclass,trades,transformer,10,fgsm,0.1,0.8380229269018907,0.7034088123003898,0.7210282593041148,0.7913419588311912,0.9707430097373105,
TON_IoT,multiclass,trades,transformer,10,pgd,0.1,0.8363852910525532,0.7011323895361621,0.7187242713067393,0.7891451179192852,0.9707157562484383,0.0
TON_IoT,multiclass,trades,transformer,10,transfer_mlp,0.1,0.8454667262170612,0.7134302018875447,0.7273652414045747,0.8015883440750249,0.9777702634681551,
TON_IoT,multiclass,trades,transformer,10,transfer_tf,0.1,0.8448712222718475,0.7133384723769348,0.7258977642184785,0.8010256210835249,0.9774431467818312,
TON_IoT,multiclass,trades,transformer,10,pgd_constrained,0.1,0.8429358344499033,0.7109924117296988,0.7267930162872871,0.797998475740587,0.9758639803348437,1.0
TON_IoT,multiclass,trades,transformer,10,square,0.1,0.8365,0.692102104841714,0.6970210499965317,0.7910434487290218,0.9765697041829012,
TON_IoT,multiclass,trades,transformer,10,square_clean_subset,0,0.8765,0.7523193638176618,0.7606164204891113,0.8416799430751811,0.9831743997987477,
TON_IoT,multiclass,trades,aam_trans,10,clean,0,0.8953401816287033,0.8084694428865559,0.8118810717811265,0.8656016898514951,0.9883805153697219,
TON_IoT,multiclass,trades,aam_trans,10,gaussian,0.1,0.8829834747655203,0.7924660169368533,0.7951749276683738,0.8502765513666687,0.9867818863201985,
TON_IoT,multiclass,trades,aam_trans,10,fgsm,0.1,0.8526127735596248,0.7564283311702595,0.7538560465016451,0.8128568712964263,0.9767946712070925,
TON_IoT,multiclass,trades,aam_trans,10,pgd,0.1,0.8499330058061635,0.753560178895422,0.7511483872372099,0.8091565054583661,0.9768640722664463,0.0
TON_IoT,multiclass,trades,aam_trans,10,transfer_mlp,0.1,0.8567813011761203,0.7624242661296092,0.7590474727059566,0.8182306233054459,0.9813659334103777,
TON_IoT,multiclass,trades,aam_trans,10,transfer_tf,0.1,0.8615453327378294,0.7673145100320482,0.764162890311327,0.8240202518949861,0.9816651847981545,
TON_IoT,multiclass,trades,aam_trans,10,pgd_constrained,0.1,0.8564835492035134,0.760761664503593,0.7581026104459544,0.8176176912070052,0.9805055746902106,1.0
TON_IoT,multiclass,trades,aam_trans,10,square,0.1,0.855,0.7416299782832017,0.728997296239333,0.8170886299941981,0.9809340980594511,
TON_IoT,multiclass,trades,aam_trans,10,square_clean_subset,0,0.896,0.7898062965571933,0.7857377284870102,0.867456720720842,0.9885027418928093,
