backbone,params,size_fp32_mb,size_int8_mb,macs,cpu1_b1_med_us,cpu1_b1_p95_us,cpu1_b1_int8_med_us,cpu1_b256_samples_per_s,cpuN_b256_samples_per_s,cpu,threads_all,torch
transformer,336386,1.299778938293457,0.3584146499633789,3036672,648.3499892055988,1274.9799876473844,1284.9000049754977,9646.36282796419,28824.933510282124,"Intel64 Family 6 Model 170 Stepping 4, GenuineIntel",22,2.11.0+cu128
ft,343298,1.337437629699707,0.39668941497802734,14192832,899.1999784484506,1960.6549700256437,1418.3999737724662,1976.9797691749222,7197.197590638724,"Intel64 Family 6 Model 170 Stepping 4, GenuineIntel",22,2.11.0+cu128
aam_trans,354422,1.384028434753418,0.4166898727416992,14200032,1122.599991504103,2509.3200150877237,1958.8000141084194,1943.5224522126634,6997.565888086866,"Intel64 Family 6 Model 170 Stepping 4, GenuineIntel",22,2.11.0+cu128
aam_noGate,347138,1.3523855209350586,0.40156078338623047,14192832,903.6000119522214,1980.2000024355948,1409.800024703145,1924.1978777067818,7281.508521723542,"Intel64 Family 6 Model 170 Stepping 4, GenuineIntel",22,2.11.0+cu128
aam_noTok,344534,1.346369743347168,0.3784151077270508,3043872,847.6499933749437,1871.3449884671716,1838.4999711997807,8925.334000617097,27615.816497791217,"Intel64 Family 6 Model 170 Stepping 4, GenuineIntel",22,2.11.0+cu128
aam_noPE,350582,1.384028434753418,0.4166898727416992,14200032,1124.8000082559884,2429.024979937821,1944.5499929133803,1888.8319124457073,7000.330870536175,"Intel64 Family 6 Model 170 Stepping 4, GenuineIntel",22,2.11.0+cu128
aam_noAux,354422,1.3690805435180664,0.4118185043334961,14200032,1127.6500299572945,2556.769971852191,1994.2499930039048,1833.5751239154006,7016.78409066683,"Intel64 Family 6 Model 170 Stepping 4, GenuineIntel",22,2.11.0+cu128
mlp,109186,0.4195680618286133,0.11168193817138672,108544,73.65000783465803,90.19999124575406,226.79998073726892,467068.04334213916,750733.1239571377,"Intel64 Family 6 Model 170 Stepping 4, GenuineIntel",22,2.11.0+cu128
lstm,199426,0.764103889465332,0.7640981674194336,7687936,536.6999830584973,1343.2099833153188,583.3499890286475,4779.186640939759,14193.283694308348,"Intel64 Family 6 Model 170 Stepping 4, GenuineIntel",22,2.11.0+cu128
