seed,check,cls,value
1,rf_plain,BACKDOOR_MALWARE,0.07407407407407407
1,rf_plain,BROWSERHIJACKING,0.13725490196078433
1,rf_plain,COMMANDINJECTION,0.23404255319148937
1,rf_plain,RECON-PINGSWEEP,0.05263157894736842
1,rf_plain,SQLINJECTION,0.0425531914893617
1,rf_plain,UPLOADING_ATTACK,0.0
1,rf_plain,XSS,0.024390243902439025
1,rf_plain,RECON-OSSCAN,0.14166666666666666
1,rf_plain,VULNERABILITYSCAN,0.315
1,rf_balanced,BACKDOOR_MALWARE,0.037037037037037035
1,rf_balanced,BROWSERHIJACKING,0.35294117647058826
1,rf_balanced,COMMANDINJECTION,0.2553191489361702
1,rf_balanced,RECON-PINGSWEEP,0.10526315789473684
1,rf_balanced,SQLINJECTION,0.06382978723404255
1,rf_balanced,UPLOADING_ATTACK,0.0
1,rf_balanced,XSS,0.07317073170731707
1,rf_balanced,RECON-OSSCAN,0.21833333333333332
1,rf_balanced,VULNERABILITYSCAN,0.585
1,knn5_same_class,BACKDOOR_MALWARE,0.02962962962962963
1,knn5_benign,BACKDOOR_MALWARE,0.4888888888888889
1,knn5_same_class,BROWSERHIJACKING,0.1607843137254902
1,knn5_benign,BROWSERHIJACKING,0.42745098039215684
1,knn5_same_class,COMMANDINJECTION,0.1829787234042553
1,knn5_benign,COMMANDINJECTION,0.3872340425531915
1,knn5_same_class,RECON-PINGSWEEP,0.06315789473684211
1,knn5_benign,RECON-PINGSWEEP,0.42105263157894735
1,knn5_same_class,SQLINJECTION,0.05106382978723404
1,knn5_benign,SQLINJECTION,0.425531914893617
1,knn5_same_class,UPLOADING_ATTACK,0.0
1,knn5_benign,UPLOADING_ATTACK,0.49230769230769234
1,knn5_same_class,XSS,0.03414634146341464
1,knn5_benign,XSS,0.5609756097560976
1,knn5_same_class,RECON-OSSCAN,0.15133333333333332
1,knn5_benign,RECON-OSSCAN,0.476
1,knn5_same_class,VULNERABILITYSCAN,0.22233333333333333
1,knn5_benign,VULNERABILITYSCAN,0.4216666666666667
2,rf_plain,BACKDOOR_MALWARE,0.037037037037037035
2,rf_plain,BROWSERHIJACKING,0.13725490196078433
2,rf_plain,COMMANDINJECTION,0.2553191489361702
2,rf_plain,RECON-PINGSWEEP,0.05263157894736842
2,rf_plain,SQLINJECTION,0.0425531914893617
2,rf_plain,UPLOADING_ATTACK,0.0
2,rf_plain,XSS,0.024390243902439025
2,rf_plain,RECON-OSSCAN,0.145
2,rf_plain,VULNERABILITYSCAN,0.29
2,rf_balanced,BACKDOOR_MALWARE,0.037037037037037035
2,rf_balanced,BROWSERHIJACKING,0.3333333333333333
2,rf_balanced,COMMANDINJECTION,0.2553191489361702
2,rf_balanced,RECON-PINGSWEEP,0.05263157894736842
2,rf_balanced,SQLINJECTION,0.0851063829787234
2,rf_balanced,UPLOADING_ATTACK,0.0
2,rf_balanced,XSS,0.0975609756097561
2,rf_balanced,RECON-OSSCAN,0.23666666666666666
2,rf_balanced,VULNERABILITYSCAN,0.5833333333333334
2,knn5_same_class,BACKDOOR_MALWARE,0.014814814814814815
2,knn5_benign,BACKDOOR_MALWARE,0.4888888888888889
2,knn5_same_class,BROWSERHIJACKING,0.15294117647058825
2,knn5_benign,BROWSERHIJACKING,0.4549019607843137
2,knn5_same_class,COMMANDINJECTION,0.225531914893617
2,knn5_benign,COMMANDINJECTION,0.39148936170212767
2,knn5_same_class,RECON-PINGSWEEP,0.06315789473684211
2,knn5_benign,RECON-PINGSWEEP,0.5473684210526316
2,knn5_same_class,SQLINJECTION,0.07234042553191489
2,knn5_benign,SQLINJECTION,0.4425531914893617
2,knn5_same_class,UPLOADING_ATTACK,0.015384615384615385
2,knn5_benign,UPLOADING_ATTACK,0.5230769230769231
2,knn5_same_class,XSS,0.05365853658536585
2,knn5_benign,XSS,0.43902439024390244
2,knn5_same_class,RECON-OSSCAN,0.16266666666666665
2,knn5_benign,RECON-OSSCAN,0.44733333333333336
2,knn5_same_class,VULNERABILITYSCAN,0.219
2,knn5_benign,VULNERABILITYSCAN,0.447
3,rf_plain,BACKDOOR_MALWARE,0.1111111111111111
3,rf_plain,BROWSERHIJACKING,0.13725490196078433
3,rf_plain,COMMANDINJECTION,0.0851063829787234
3,rf_plain,RECON-PINGSWEEP,0.05263157894736842
3,rf_plain,SQLINJECTION,0.14893617021276595
3,rf_plain,UPLOADING_ATTACK,0.0
3,rf_plain,XSS,0.024390243902439025
3,rf_plain,RECON-OSSCAN,0.15333333333333332
3,rf_plain,VULNERABILITYSCAN,0.275
3,rf_balanced,BACKDOOR_MALWARE,0.14814814814814814
3,rf_balanced,BROWSERHIJACKING,0.2549019607843137
3,rf_balanced,COMMANDINJECTION,0.1702127659574468
3,rf_balanced,RECON-PINGSWEEP,0.05263157894736842
3,rf_balanced,SQLINJECTION,0.14893617021276595
3,rf_balanced,UPLOADING_ATTACK,0.0
3,rf_balanced,XSS,0.04878048780487805
3,rf_balanced,RECON-OSSCAN,0.255
3,rf_balanced,VULNERABILITYSCAN,0.5616666666666666
3,knn5_same_class,BACKDOOR_MALWARE,0.037037037037037035
3,knn5_benign,BACKDOOR_MALWARE,0.3925925925925926
3,knn5_same_class,BROWSERHIJACKING,0.12156862745098039
3,knn5_benign,BROWSERHIJACKING,0.4117647058823529
3,knn5_same_class,COMMANDINJECTION,0.11914893617021277
3,knn5_benign,COMMANDINJECTION,0.4425531914893617
3,knn5_same_class,RECON-PINGSWEEP,0.042105263157894736
3,knn5_benign,RECON-PINGSWEEP,0.6736842105263158
3,knn5_same_class,SQLINJECTION,0.08085106382978724
3,knn5_benign,SQLINJECTION,0.4765957446808511
3,knn5_same_class,UPLOADING_ATTACK,0.0
3,knn5_benign,UPLOADING_ATTACK,0.36923076923076925
3,knn5_same_class,XSS,0.03414634146341464
3,knn5_benign,XSS,0.5170731707317073
3,knn5_same_class,RECON-OSSCAN,0.158
3,knn5_benign,RECON-OSSCAN,0.4703333333333333
3,knn5_same_class,VULNERABILITYSCAN,0.21366666666666667
3,knn5_benign,VULNERABILITYSCAN,0.469
