a,b,method,attack,scope,metric,n,mean_diff,ci_lo,ci_hi,d_z,wins,losses,p,family,p_holm
aam_g2,aam_noGate,trades,clean,CICIoT2023,mcc,10,-0.0018488703412265495,-0.0028899745443626374,-0.0007122828634944489,-0.9955866266672402,2,8,0.01953125,primary: v2 - noGate,
aam_g2,aam_noGate,trades,clean,CICIoMT2024,mcc,10,0.00021468654229194194,-3.201987901429447e-06,0.000428494321563492,0.5765556872926314,6,3,0.08984375,primary: v2 - noGate,
aam_g2,aam_noGate,trades,clean,TON_IoT,mcc,10,-0.0013735623768468374,-0.0044597038694756935,0.0006109046239493115,-0.302365773658547,5,5,0.4921875,primary: v2 - noGate,
aam_g2,aam_noGate,trades,pgd,CICIoT2023,mcc,10,-0.0015547375797785423,-0.0030031672351269753,-0.00031716424806255285,-0.6779709549326329,3,7,0.044921875,primary: v2 - noGate,0.494140625
aam_g2,aam_noGate,trades,pgd,CICIoMT2024,mcc,10,6.739099001747961e-05,-0.000305631142836609,0.00042430872597517486,0.10789336238260935,5,5,0.78515625,primary: v2 - noGate,1.0
aam_g2,aam_noGate,trades,pgd,TON_IoT,mcc,10,-0.002616335176869511,-0.008153921483227333,0.0006248233002499399,-0.31260157121848087,3,7,0.484375,primary: v2 - noGate,1.0
aam_g2,aam_noGate,trades,pgd_constrained,CICIoT2023,mcc,10,-0.0015818701121248168,-0.0028034971845767604,-0.0004956785532685933,-0.798309748003858,2,8,0.029296875,primary: v2 - noGate,0.3515625
aam_g2,aam_noGate,trades,pgd_constrained,CICIoMT2024,mcc,10,0.00019233131285504302,-0.0002201081292999338,0.0005680319689616305,0.2845402479137177,7,3,0.412109375,primary: v2 - noGate,1.0
aam_g2,aam_noGate,trades,pgd_constrained,TON_IoT,mcc,10,-0.002251369951609172,-0.007185038262595588,0.0006132291814856485,-0.30329416697426353,6,4,0.560546875,primary: v2 - noGate,1.0
aam_g2,aam_noGate,trades,square,CICIoT2023,mcc,10,-0.0025375339807336304,-0.006214765180036979,0.0009291823336076391,-0.4174918472194628,4,6,0.220703125,primary: v2 - noGate,1.0
aam_g2,aam_noGate,trades,square,CICIoMT2024,mcc,10,-1.658134374251663e-05,-0.0007662132967733327,0.000728348885237895,-0.012691082377896522,2,2,0.875,primary: v2 - noGate,1.0
aam_g2,aam_noGate,trades,square,TON_IoT,mcc,10,-0.0028506528521487053,-0.009478453909883071,0.0008289601530868707,-0.28083881374870395,5,5,0.78515625,primary: v2 - noGate,1.0
aam_g2,aam_noGate,trades,transfer_tf,CICIoT2023,mcc,10,-0.0009693632540490382,-0.0028292299198672028,0.0006539764989456278,-0.3276095077081698,5,5,0.34765625,primary: v2 - noGate,1.0
aam_g2,aam_noGate,trades,transfer_tf,CICIoMT2024,mcc,10,0.0001037081820975283,-0.00025135336645879913,0.0004603204703717719,0.17101699065428885,5,5,0.634765625,primary: v2 - noGate,1.0
aam_g2,aam_noGate,trades,transfer_tf,TON_IoT,mcc,10,-0.002463040293765484,-0.007874368670793514,0.000610624559926381,-0.30100968500530895,5,5,0.607421875,primary: v2 - noGate,1.0
aam_g2,aam_trans,trades,clean,CICIoT2023,mcc,10,-0.0005606004609545079,-0.0017417069019659698,0.0006570528304738698,-0.2729338813755967,4,6,0.39453125,secondary: v2 - v1,
aam_g2,aam_trans,trades,clean,CICIoMT2024,mcc,10,-0.00016034078122295625,-0.0005339645719780381,0.0002527596395823807,-0.2350341525648463,5,5,0.474609375,secondary: v2 - v1,
aam_g2,aam_trans,trades,clean,TON_IoT,mcc,10,-0.0010096311753106102,-0.003990465334242477,0.0008185806462899751,-0.22705053867422592,5,5,0.849609375,secondary: v2 - v1,
aam_g2,aam_trans,trades,pgd,CICIoT2023,mcc,10,-0.0005608542594393917,-0.001694793079600278,0.0006069825915563967,-0.2774764718904887,4,6,0.396484375,secondary: v2 - v1,1.0
aam_g2,aam_trans,trades,pgd,CICIoMT2024,mcc,10,-4.668230837789888e-06,-0.0002614902080593633,0.00022429705712094232,-0.011301738026076098,6,4,0.919921875,secondary: v2 - v1,1.0
aam_g2,aam_trans,trades,pgd,TON_IoT,mcc,10,-0.0021893582834517588,-0.007718061881237096,0.0010686691795215681,-0.26300851381879425,5,5,0.77734375,secondary: v2 - v1,1.0
aam_g2,aam_trans,trades,pgd_constrained,CICIoT2023,mcc,10,-0.0007138046879474169,-0.0017625319818263857,0.0003367064084735819,-0.3904520300880963,4,6,0.23828125,secondary: v2 - v1,1.0
aam_g2,aam_trans,trades,pgd_constrained,CICIoMT2024,mcc,10,-3.9102380278821514e-05,-0.00030792623073931294,0.00021172130846812878,-0.08974388373500676,6,4,0.7265625,secondary: v2 - v1,1.0
aam_g2,aam_trans,trades,pgd_constrained,TON_IoT,mcc,10,-0.0017976845940940623,-0.0067674244449564755,0.0011205943290812262,-0.2403178022901629,5,5,0.875,secondary: v2 - v1,1.0
aam_g2,aam_trans,trades,square,CICIoT2023,mcc,10,-0.0007532673939730117,-0.004559446362014562,0.002934266959117869,-0.11719945575343708,5,5,0.7109375,secondary: v2 - v1,1.0
aam_g2,aam_trans,trades,square,CICIoMT2024,mcc,10,0.00010476866021851272,-0.0006376044984705564,0.0008536762040093571,0.08465963435388738,3,3,1.0,secondary: v2 - v1,1.0
aam_g2,aam_trans,trades,square,TON_IoT,mcc,10,-0.003158125025345426,-0.009875959650076049,0.0007155544595338287,-0.31271548516626935,4,6,0.494140625,secondary: v2 - v1,1.0
aam_g2,aam_trans,trades,transfer_tf,CICIoT2023,mcc,10,-0.0007395717651718092,-0.0022256748143999407,0.0006299940435820175,-0.3011087361292114,5,5,0.3515625,secondary: v2 - v1,1.0
aam_g2,aam_trans,trades,transfer_tf,CICIoMT2024,mcc,10,1.51908726606087e-05,-0.00014649875002075292,0.00017614049146252335,0.055691482164053285,6,4,0.923828125,secondary: v2 - v1,1.0
aam_g2,aam_trans,trades,transfer_tf,TON_IoT,mcc,10,-0.0022215123875797826,-0.007512922257904887,0.0007895707859746331,-0.27635548404236876,5,5,0.783203125,secondary: v2 - v1,1.0
aam_g2,transformer,trades,clean,CICIoT2023,mcc,10,0.026307339183813595,0.02394514251398272,0.029052610944384657,6.118905621826566,10,0,0.001953125,secondary: v2 - vanilla,
aam_g2,transformer,trades,clean,CICIoMT2024,mcc,10,0.0016193900500498736,0.0011039196805970525,0.0021159294937877853,1.8822284031657,10,0,0.001953125,secondary: v2 - vanilla,
aam_g2,transformer,trades,clean,TON_IoT,mcc,10,0.022690647286186603,0.0192318025774321,0.02563426497804835,4.121190242938926,10,0,0.001953125,secondary: v2 - vanilla,
aam_g2,transformer,trades,pgd,CICIoT2023,mcc,10,0.04504808815446972,0.041355596682865446,0.048656865322770394,7.156883487026544,10,0,0.001953125,secondary: v2 - vanilla,0.0234375
aam_g2,transformer,trades,pgd,CICIoMT2024,mcc,10,0.0016870654358695947,0.0012427166845627319,0.0021249255945553205,2.234934942816834,10,0,0.001953125,secondary: v2 - vanilla,0.0234375
aam_g2,transformer,trades,pgd,TON_IoT,mcc,10,0.022462099907013932,0.01643655378994794,0.026765149673170643,2.5174029832655367,9,1,0.00390625,secondary: v2 - vanilla,0.0234375
aam_g2,transformer,trades,pgd_constrained,CICIoT2023,mcc,10,0.04424017881696148,0.040695685226646225,0.04763786631519706,7.374793936929977,10,0,0.001953125,secondary: v2 - vanilla,0.0234375
aam_g2,transformer,trades,pgd_constrained,CICIoMT2024,mcc,10,0.0015639347072004984,0.0010002511043734389,0.0021114133804186665,1.6533781574639248,10,0,0.001953125,secondary: v2 - vanilla,0.0234375
aam_g2,transformer,trades,pgd_constrained,TON_IoT,mcc,10,0.021873769475370387,0.01647370651657078,0.025766674839850904,2.7275961620208897,10,0,0.001953125,secondary: v2 - vanilla,0.0234375
aam_g2,transformer,trades,square,CICIoT2023,mcc,10,0.04288476408342754,0.03662736774499217,0.04916301943528993,3.9842524341504313,10,0,0.001953125,secondary: v2 - vanilla,0.0234375
aam_g2,transformer,trades,square,CICIoMT2024,mcc,10,0.001579031663598307,0.0004730567182009632,0.0026577236810714673,0.8602522536686201,6,2,0.046875,secondary: v2 - vanilla,0.046875
aam_g2,transformer,trades,square,TON_IoT,mcc,10,0.02216536682982425,0.016248261364888883,0.02685966405206496,2.4705671463768386,10,0,0.001953125,secondary: v2 - vanilla,0.0234375
aam_g2,transformer,trades,transfer_tf,CICIoT2023,mcc,10,0.033114991323828405,0.03084755184298041,0.03568496107163058,8.141454985116397,10,0,0.001953125,secondary: v2 - vanilla,0.0234375
aam_g2,transformer,trades,transfer_tf,CICIoMT2024,mcc,10,0.0016351840359270953,0.0010334756216003834,0.0021700260579797966,1.6647486176791273,9,1,0.00390625,secondary: v2 - vanilla,0.0234375
aam_g2,transformer,trades,transfer_tf,TON_IoT,mcc,10,0.022030399178683914,0.01627518988176914,0.026031370356262976,2.592231162578734,9,1,0.00390625,secondary: v2 - vanilla,0.0234375
aam_trans,transformer,trades,clean,CICIoT2023,mcc,10,0.0268679396447681,0.02431347719113874,0.029989165526980933,5.618474622525643,10,0,0.001953125,replication: aam_trans - transformer,
aam_trans,transformer,trades,clean,CICIoMT2024,mcc,10,0.0017797308312728299,0.001075818110444648,0.0025230093361808,1.4566197379399235,10,0,0.001953125,replication: aam_trans - transformer,
aam_trans,transformer,trades,clean,TON_IoT,mcc,10,0.023700278461497214,0.021611966732907422,0.025899765183640202,6.420023079532088,10,0,0.001953125,replication: aam_trans - transformer,
aam_trans,transformer,trades,pgd,CICIoT2023,mcc,10,0.045608942413909115,0.04243537350475581,0.04898009198799933,8.117686339941619,10,0,0.001953125,replication: aam_trans - transformer,0.0234375
aam_trans,transformer,trades,pgd,CICIoMT2024,mcc,10,0.0016917336667073846,0.001232120169425139,0.0021523075574696525,2.1787145196703364,10,0,0.001953125,replication: aam_trans - transformer,0.0234375
aam_trans,transformer,trades,pgd,TON_IoT,mcc,10,0.024651458190465693,0.022713503380655392,0.026783987819338384,7.051275595508859,10,0,0.001953125,replication: aam_trans - transformer,0.0234375
aam_trans,transformer,trades,pgd_constrained,CICIoT2023,mcc,10,0.0449539835049089,0.042216805553859725,0.04769911890296147,9.497382467132542,10,0,0.001953125,replication: aam_trans - transformer,0.0234375
aam_trans,transformer,trades,pgd_constrained,CICIoMT2024,mcc,10,0.0016030370874793199,0.001021799843119269,0.002184479143850732,1.6360983686348622,10,0,0.001953125,replication: aam_trans - transformer,0.0234375
aam_trans,transformer,trades,pgd_constrained,TON_IoT,mcc,10,0.02367145406946445,0.021682486508092638,0.025729074982264316,6.861462740074815,10,0,0.001953125,replication: aam_trans - transformer,0.0234375
aam_trans,transformer,trades,square,CICIoT2023,mcc,10,0.04363803147740055,0.03686720335273432,0.05070410754111031,3.7040577114814788,10,0,0.001953125,replication: aam_trans - transformer,0.0234375
aam_trans,transformer,trades,square,CICIoMT2024,mcc,10,0.0014742630033797942,0.00034769156686329514,0.0024574169890288627,0.8069061483199863,7,1,0.0625,replication: aam_trans - transformer,0.0625
aam_trans,transformer,trades,square,TON_IoT,mcc,10,0.025323491855169678,0.02209458515879237,0.02878010784858102,4.429500899157519,10,0,0.001953125,replication: aam_trans - transformer,0.0234375
aam_trans,transformer,trades,transfer_tf,CICIoT2023,mcc,10,0.033854563089000214,0.03162598989270593,0.03632273326174143,8.517589430270807,10,0,0.001953125,replication: aam_trans - transformer,0.0234375
aam_trans,transformer,trades,transfer_tf,CICIoMT2024,mcc,10,0.0016199931632664866,0.0010370127731438705,0.002183163292805913,1.6791623218992178,10,0,0.001953125,replication: aam_trans - transformer,0.0234375
aam_trans,transformer,trades,transfer_tf,TON_IoT,mcc,10,0.024251911566263697,0.02219702527651272,0.026467705971770224,6.6707835362337065,10,0,0.001953125,replication: aam_trans - transformer,0.0234375
aam_trans,aam_noGate,trades,clean,CICIoT2023,mcc,10,-0.0012882698802720415,-0.002340332730584699,-3.1670685871106566e-05,-0.6694247305770489,1,9,0.072265625,replication: aam_trans - aam_noGate,
aam_trans,aam_noGate,trades,clean,CICIoMT2024,mcc,10,0.0003750273235148982,1.7429994440951726e-05,0.0007102304506733548,0.6288408142147268,8,2,0.072265625,replication: aam_trans - aam_noGate,
aam_trans,aam_noGate,trades,clean,TON_IoT,mcc,10,-0.0003639312015362273,-0.001259821248153151,0.0002827889209712903,-0.26496780230481776,3,6,0.60546875,replication: aam_trans - aam_noGate,
aam_trans,aam_noGate,trades,pgd,CICIoT2023,mcc,10,-0.0009938833203391507,-0.0024329596013342087,0.0004329374065402627,-0.4114786803375003,3,7,0.2265625,replication: aam_trans - aam_noGate,1.0
aam_trans,aam_noGate,trades,pgd,CICIoMT2024,mcc,10,7.20592208552695e-05,-0.00030311428755122464,0.00045991126308227983,0.11141797393499413,5,5,0.720703125,replication: aam_trans - aam_noGate,1.0
aam_trans,aam_noGate,trades,pgd,TON_IoT,mcc,10,-0.000426976893417752,-0.0013145780856746966,0.00033980141742559467,-0.30405454062062676,4,6,0.4375,replication: aam_trans - aam_noGate,1.0
aam_trans,aam_noGate,trades,pgd_constrained,CICIoT2023,mcc,10,-0.0008680654241773999,-0.0022612017248923506,0.0003496243118711625,-0.39262847770908443,4,6,0.26953125,replication: aam_trans - aam_noGate,1.0
aam_trans,aam_noGate,trades,pgd_constrained,CICIoMT2024,mcc,10,0.00023143369313386453,-8.971140163456681e-05,0.0005696662810558083,0.4105947316784801,5,4,0.23046875,replication: aam_trans - aam_noGate,1.0
aam_trans,aam_noGate,trades,pgd_constrained,TON_IoT,mcc,10,-0.0004536853575151101,-0.0012505015569111266,0.00019429320883124318,-0.3657502532609304,3,7,0.33984375,replication: aam_trans - aam_noGate,1.0
aam_trans,aam_noGate,trades,square,CICIoT2023,mcc,10,-0.0017842665867606189,-0.006016925939990858,0.0022203058713878075,-0.2558885300831336,3,7,0.435546875,replication: aam_trans - aam_noGate,1.0
aam_trans,aam_noGate,trades,square,CICIoMT2024,mcc,10,-0.00012135000396102935,-0.0008744587835009087,0.0005175528068999235,-0.09765413469557749,3,3,0.84375,replication: aam_trans - aam_noGate,1.0
aam_trans,aam_noGate,trades,square,TON_IoT,mcc,10,0.00030747217319672117,-0.0008265717037820198,0.0014350607449171726,0.15884800264749152,5,3,0.625,replication: aam_trans - aam_noGate,1.0
aam_trans,aam_noGate,trades,transfer_tf,CICIoT2023,mcc,10,-0.000229791488877229,-0.0016392658714900208,0.0010487893642140672,-0.10200430193689562,4,6,0.7578125,replication: aam_trans - aam_noGate,1.0
aam_trans,aam_noGate,trades,transfer_tf,CICIoMT2024,mcc,10,8.85173094369196e-05,-0.00026534223217556665,0.0004416164969050246,0.1489735871809027,6,4,0.6484375,replication: aam_trans - aam_noGate,1.0
aam_trans,aam_noGate,trades,transfer_tf,TON_IoT,mcc,10,-0.0002415279061857012,-0.0011289694409918414,0.00043199991252816883,-0.17934239033535584,6,3,0.7109375,replication: aam_trans - aam_noGate,1.0
