dataset,backbone,seed,n,clean,pgd20,pgd100r5,n_sq,clean_sq,pgd20_sq,square5000
CICIoT2023,transformer,41,5000,0.7669843377544228,0.7094387695870517,0.7094387695870517,1000,0.780336424083506,0.7239162422089951,0.721125138438763
CICIoT2023,ft,41,5000,0.7917242651304051,0.7489735699761456,0.7484324850238384,1000,0.8121207625097073,0.7670179289405074,0.7697344217286815
CICIoT2023,aam_trans,41,5000,0.7941225588815948,0.7477060501705748,0.7477060501705748,1000,0.8082771559069484,0.7713747889658408,0.7713747889658408
CICIoT2023,transformer,42,5000,0.7714157370393195,0.7104480858738899,0.7098919320313344,1000,0.7724337434908154,0.7170266209558886,0.7170266209558886
CICIoT2023,ft,42,5000,0.7872405044420774,0.7408920219465582,0.7399494251427113,1000,0.7724001971831019,0.7319440702043774,0.7298523515620506
CICIoT2023,aam_trans,42,5000,0.7925987733582385,0.7511828396443722,0.750790394626554,1000,0.7798439746723911,0.73380313246712,0.73380313246712
CICIoT2023,transformer,43,5000,0.7691127347383833,0.695734261453737,0.695734261453737,1000,0.7645947607478609,0.6964574599928498,0.6964574599928498
CICIoT2023,ft,43,5000,0.7874592797154571,0.7496908048170969,0.7483747315441386,1000,0.8002157698652286,0.7446310847045466,0.7446310847045466
CICIoT2023,aam_trans,43,5000,0.7877378622221595,0.7423451022266082,0.74157538485137,1000,0.7968692347794829,0.7471197210628535,0.7471197210628535
CICIoT2023,transformer,44,5000,0.7593250449827175,0.7151326565127045,0.7145641931477006,1000,0.7762056906372474,0.7284265472926794,0.7284265472926794
CICIoT2023,ft,44,5000,0.7811425855149933,0.7368034736236377,0.7368034736236377,1000,0.8058235688459224,0.7460207990286549,0.7460207990286549
CICIoT2023,aam_trans,44,5000,0.7794032159824975,0.7398579996091814,0.7392981493544276,1000,0.8030507158629321,0.7573203605524542,0.7544966633946593
CICIoT2023,transformer,45,5000,0.7675539937723698,0.699275295001408,0.699275295001408,1000,0.7760609148362211,0.7062115768389792,0.7081168611646568
CICIoT2023,ft,45,5000,0.7849642080663148,0.7393331665129177,0.7393331665129177,1000,0.8108878088775335,0.7637496334002334,0.7637496334002334
CICIoT2023,aam_trans,45,5000,0.7857012490513489,0.7444893226455824,0.7433879433202529,1000,0.8116867095976696,0.7591395117509092,0.7591395117509092
CICIoT2023,transformer,46,5000,0.7822491119013175,0.7198373850579247,0.7198373850579247,1000,0.7491711605439533,0.693699176038341,0.693699176038341
CICIoT2023,ft,46,5000,0.7954432351565998,0.7564872530887944,0.7564872530887944,1000,0.7792256713242744,0.7364849245184755,0.7364849245184755
CICIoT2023,aam_trans,46,5000,0.7979684573994187,0.7593830534633624,0.7593830534633624,1000,0.7924407057762932,0.7419353136267216,0.7419353136267216
CICIoT2023,transformer,47,5000,0.7780560182118278,0.7296133739021453,0.7296133739021453,1000,0.7891060296604855,0.7502911676941785,0.7502911676941785
CICIoT2023,ft,47,5000,0.7939500179164902,0.7623813387417674,0.7616015608840507,1000,0.8017364999245539,0.7649981488666084,0.7649981488666084
CICIoT2023,aam_trans,47,5000,0.8020444980766509,0.7656949276980998,0.7656949276980998,1000,0.8052746223717717,0.7638584973765756,0.7638584973765756
CICIoT2023,transformer,48,5000,0.7705016246574842,0.7174820148472756,0.7174820148472756,1000,0.7545284455923054,0.696010224626694,0.696010224626694
CICIoT2023,ft,48,5000,0.7915765915890499,0.7513137585511306,0.7513137585511306,1000,0.7779041678952318,0.7355909954604615,0.7355909954604615
CICIoT2023,aam_trans,48,5000,0.794096136583677,0.7536746976749549,0.7511254391548932,1000,0.7794166959617412,0.7332196546117536,0.7332196546117536
CICIoT2023,transformer,49,5000,0.7774302910999441,0.7242413133127579,0.7242413133127579,1000,0.787647022040789,0.7362504330683862,0.7362504330683862
CICIoT2023,ft,49,5000,0.7922974046393857,0.759695340870042,0.759695340870042,1000,0.8040747355370275,0.7763101908062953,0.7763101908062953
CICIoT2023,aam_trans,49,5000,0.7926132585468192,0.7588558817457312,0.7588558817457312,1000,0.8049106293477101,0.7772403440991764,0.7772403440991764
CICIoT2023,transformer,50,5000,0.7715925313005588,0.7115011066593674,0.7115011066593674,1000,0.7629340101982202,0.7053015104980956,0.7053015104980956
CICIoT2023,ft,50,5000,0.7978102086785553,0.7608399681628449,0.7602938097778003,1000,0.7880417537670007,0.7543968498759149,0.7543968498759149
CICIoT2023,aam_trans,50,5000,0.7942162134866222,0.7550595249247511,0.7542854304020737,1000,0.7838750088798353,0.7501284738570565,0.7481470872629593
TON_IoT,transformer,41,5000,0.9471906114827373,0.9455515651577923,0.9455515651577923,1000,0.9517382198585217,0.949756849931619,0.949756849931619
TON_IoT,ft,41,5000,0.9739264858276588,0.9710848249247317,0.9710848249247317,1000,0.9718118541443076,0.9697652257105417,0.9697652257105417
TON_IoT,aam_trans,41,5000,0.973522419012065,0.973522419012065,0.973522419012065,1000,0.9718118541443076,0.9718118541443076,0.9718118541443076
TON_IoT,transformer,42,5000,0.9488928168853488,0.9472604319938382,0.9472604319938382,1000,0.9450239144716693,0.9430149113957444,0.9430149113957444
TON_IoT,ft,42,5000,0.974205968725654,0.974205968725654,0.974205968725654,1000,0.9795847537355024,0.9795847537355024,0.9795847537355024
TON_IoT,aam_trans,42,5000,0.9746122287588331,0.9737867246083376,0.9737867246083376,1000,0.9816428176346639,0.9795847537355024,0.9795847537355024
TON_IoT,transformer,43,5000,0.9449961290340426,0.9437726421556312,0.9437726421556312,1000,0.9356056541570659,0.9356056541570659,0.9356056541570659
TON_IoT,ft,43,5000,0.9705756899168205,0.9685330985418323,0.9685330985418323,1000,0.9717252176004453,0.9676847969053112,0.9676847969053112
TON_IoT,aam_trans,43,5000,0.9701729671072251,0.9689456005636562,0.9689456005636562,1000,0.9717606388963967,0.9717606388963967,0.9717606388963967
TON_IoT,transformer,44,5000,0.9498640257551996,0.9469564903286795,0.9469564903286795,1000,0.9349729733138794,0.9329045365529637,0.9329045365529637
TON_IoT,ft,44,5000,0.9734809961882185,0.9726558279651948,0.9726558279651948,1000,0.975767662212111,0.975767662212111,0.975767662212111
TON_IoT,aam_trans,44,5000,0.9763276705828131,0.9755186266614073,0.9755186266614073,1000,0.9777619427818051,0.9777619427818051,0.9777619427818051
TON_IoT,transformer,45,5000,0.9423829050205833,0.9407462723612839,0.9407462723612839,1000,0.9573884002282179,0.9533205002306473,0.9533205002306473
TON_IoT,ft,45,5000,0.9657981010870764,0.9657981010870764,0.9657981010870764,1000,0.9736157101612342,0.9736157101612342,0.9736157101612342
TON_IoT,aam_trans,45,5000,0.9597613768346668,0.9470447180870601,0.9466351622651611,1000,0.9615229935997509,0.9513067333797559,0.9513067333797559
TON_IoT,transformer,46,5000,0.9442728974642599,0.9442728974642599,0.9442728974642599,1000,0.9386810026106381,0.9386810026106381,0.9386810026106381
TON_IoT,ft,46,5000,0.9701407293377436,0.968090972414861,0.968090972414861,1000,0.96505051946052,0.9609385672186198,0.9609385672186198
TON_IoT,aam_trans,46,5000,0.9705514679357021,0.9664657881848636,0.9664657881848636,1000,0.962979873391167,0.9588665259901855,0.9588665259901855
TON_IoT,transformer,47,5000,0.946858594677217,0.9452020787266685,0.9452020787266685,1000,0.9523137097092538,0.9502524790332033,0.9502524790332033
TON_IoT,ft,47,5000,0.971758072927023,0.969726913019988,0.969726913019988,1000,0.9753313371521272,0.9753313371521272,0.9753313371521272
TON_IoT,aam_trans,47,5000,0.968495786460561,0.967271659543636,0.967271659543636,1000,0.973309879744286,0.973309879744286,0.973309879744286
TON_IoT,transformer,48,5000,0.9471236758929559,0.9435117308216926,0.9435117308216926,1000,0.9364731505800153,0.9364731505800153,0.9364731505800153
TON_IoT,ft,48,5000,0.9706361706770519,0.9698203608527705,0.9698203608527705,1000,0.9734119350702601,0.9734119350702601,0.9734119350702601
TON_IoT,aam_trans,48,5000,0.9686504071936042,0.9662047270966398,0.9662047270966398,1000,0.9673573807656807,0.9613495894452081,0.9613495894452081
TON_IoT,transformer,49,5000,0.9437059987038555,0.9400633544761478,0.9400633544761478,1000,0.9459538473167547,0.9396956877047045,0.9396956877047045
TON_IoT,ft,49,5000,0.9452392040411126,0.9390442520165949,0.9390442520165949,1000,0.9458116631186022,0.9436913755975825,0.9436913755975825
TON_IoT,aam_trans,49,5000,0.9669559092096887,0.950084713950812,0.950084713950812,1000,0.9750085677484766,0.9582681301548337,0.9582681301548337
TON_IoT,transformer,50,5000,0.9511098921983574,0.9474314819316364,0.9474314819316364,1000,0.965159338006587,0.9610666342710654,0.9631102968080992
TON_IoT,ft,50,5000,0.9702446991325955,0.9678139434557779,0.9678139434557779,1000,0.9815986781175874,0.9775521846549623,0.9775521846549623
TON_IoT,aam_trans,50,5000,0.9669986332805909,0.9653770960011328,0.9653770960011328,1000,0.9734612550082702,0.9734612550082702,0.9734612550082702
