dataset,seed,attack,score,auroc,auroc_success,tpr5,n,n_success,mcc_attacked,clean_mcc
CICIoT2023,31,pgd,gate,0.62025687319816,0.6991232496258825,0.06940811779521457,20646,407,0.7474544745817672,0.793005051444613
CICIoT2023,31,pgd,residual,0.6125822975904066,0.7101900194288897,0.06998934418289257,20646,407,0.7474544745817672,0.793005051444613
CICIoT2023,31,pgd,msp,0.5328471007404363,0.9814702208191917,0.056718008330911555,20646,407,0.7474544745817672,0.793005051444613
CICIoT2023,31,pgd,mahalanobis,0.7596847604605101,0.7121731592770367,0.1255933352707546,20646,407,0.7474544745817672,0.793005051444613
CICIoT2023,31,pgd_constrained,gate,0.5469698941190724,0.6412183905816694,0.05492589363557106,20646,362,0.7520648545473704,0.793005051444613
CICIoT2023,31,pgd_constrained,residual,0.5421797722294108,0.6536368407581471,0.05269785914947205,20646,362,0.7520648545473704,0.793005051444613
CICIoT2023,31,pgd_constrained,msp,0.5253017346451831,0.9845766109184858,0.056524266201685554,20646,362,0.7520648545473704,0.793005051444613
CICIoT2023,31,pgd_constrained,mahalanobis,0.6800070476678926,0.6386992757232556,0.08369659982563209,20646,362,0.7520648545473704,0.793005051444613
CICIoT2023,31,transfer_tf,gate,0.654128166330405,0.7243746898061996,0.08190448513029158,20646,302,0.760036259824442,0.793005051444613
CICIoT2023,31,transfer_tf,residual,0.6526289521796735,0.7372700338963228,0.08393877748716458,20646,302,0.760036259824442,0.793005051444613
CICIoT2023,31,transfer_tf,msp,0.5068903661937383,0.9820613318088266,0.055313377894023054,20646,302,0.760036259824442,0.793005051444613
CICIoT2023,31,transfer_tf,mahalanobis,0.8796617205744337,0.8816650939026421,0.3806548483967839,20646,302,0.760036259824442,0.793005051444613
CICIoT2023,31,gaussian,gate,0.6560794606983356,0.7335172708342761,0.08035454809648358,20646,201,0.7824284834320315,0.793005051444613
CICIoT2023,31,gaussian,residual,0.654890208382957,0.7444668577753749,0.08258258258258258,20646,201,0.7824284834320315,0.793005051444613
CICIoT2023,31,gaussian,msp,0.5026046755289004,0.9543950901309631,0.052891601278698054,20646,201,0.7824284834320315,0.793005051444613
CICIoT2023,31,gaussian,mahalanobis,0.9174912577922768,0.9137629230582368,0.5122541896735445,20646,201,0.7824284834320315,0.793005051444613
CICIoT2023,31,adaptive_l1,gate,0.3116442674734057,0.517319811233039,0.02785043107623753,20646,393,0.7490086379294132,0.793005051444613
CICIoT2023,31,adaptive_l1,residual,0.2999554651632067,0.5259011857552377,0.02029448803642352,20646,393,0.7490086379294132,0.793005051444613
CICIoT2023,31,adaptive_l1,msp,0.5048022612707485,0.9815327753802279,0.05676644386321806,20646,393,0.7490086379294132,0.793005051444613
CICIoT2023,31,adaptive_l1,mahalanobis,0.45100539928328176,0.5445649918735036,0.04548096483580354,20646,393,0.7490086379294132,0.793005051444613
CICIoT2023,31,adaptive_l10,gate,0.270650491310277,0.37899792564225304,0.022667829119442023,20646,350,0.7539559096331219,0.793005051444613
CICIoT2023,31,adaptive_l10,residual,0.2557753319593464,0.37617999042604117,0.016613387581129516,20646,350,0.7539559096331219,0.793005051444613
CICIoT2023,31,adaptive_l10,msp,0.5029254711959008,0.9815450545943605,0.05599147534631405,20646,350,0.7539559096331219,0.793005051444613
CICIoT2023,31,adaptive_l10,mahalanobis,0.40684304407340655,0.4104895636250352,0.03899060350673254,20646,350,0.7539559096331219,0.793005051444613
CICIoT2023,32,pgd,gate,0.6214676301297783,0.7010591097853097,0.06272401433691756,20646,380,0.7534910129996866,0.7958411012423559
CICIoT2023,32,pgd,residual,0.6120696319028106,0.7069460923683091,0.06475830669379057,20646,380,0.7534910129996866,0.7958411012423559
CICIoT2023,32,pgd,msp,0.5335813731816395,0.9769540956815689,0.05633052407245956,20646,380,0.7534910129996866,0.7958411012423559
CICIoT2023,32,pgd,mahalanobis,0.727932202810567,0.6896852403232666,0.16225903322677515,20646,380,0.7534910129996866,0.7958411012423559
CICIoT2023,32,pgd_constrained,gate,0.5396088638628785,0.6384384304551255,0.052552552552552555,20646,336,0.7582003352202494,0.7958411012423559
CICIoT2023,32,pgd_constrained,residual,0.5368419952233735,0.6486424216645399,0.052988472343311055,20646,336,0.7582003352202494,0.7958411012423559
CICIoT2023,32,pgd_constrained,msp,0.5230146595302073,0.9828937091106115,0.055846168749394555,20646,336,0.7582003352202494,0.7958411012423559
CICIoT2023,32,pgd_constrained,mahalanobis,0.6518124512377871,0.640805077879727,0.0972101133391456,20646,336,0.7582003352202494,0.7958411012423559
CICIoT2023,32,transfer_tf,gate,0.6687607890816822,0.7297086346235644,0.06800348735832606,20646,275,0.7659940664364836,0.7958411012423559
CICIoT2023,32,transfer_tf,residual,0.6636497706469864,0.7389668806310661,0.07241112079821757,20646,275,0.7659940664364836,0.7958411012423559
CICIoT2023,32,transfer_tf,msp,0.5023917654002213,0.975581957387572,0.05337595660176305,20646,275,0.7659940664364836,0.7958411012423559
CICIoT2023,32,transfer_tf,mahalanobis,0.9110254473614712,0.9253571014268589,0.4926862346217185,20646,275,0.7659940664364836,0.7958411012423559
CICIoT2023,32,gaussian,gate,0.6605898771248303,0.7110315726383357,0.07841712680422358,20646,220,0.7814139613028277,0.7958411012423559
CICIoT2023,32,gaussian,residual,0.6555302736434441,0.720626981748579,0.08103264554877458,20646,220,0.7814139613028277,0.7958411012423559
CICIoT2023,32,gaussian,msp,0.49995104013651703,0.9439977185723676,0.052891601278698054,20646,220,0.7814139613028277,0.7958411012423559
CICIoT2023,32,gaussian,mahalanobis,0.9180253084500725,0.9090418487297475,0.529351932577739,20646,220,0.7814139613028277,0.7958411012423559
CICIoT2023,32,adaptive_l1,gate,0.30697439220022676,0.5012391937875775,0.026736413833188026,20646,370,0.7547026334168091,0.7958411012423559
CICIoT2023,32,adaptive_l1,residual,0.2975704914352719,0.5087076229781462,0.018792986534922018,20646,370,0.7547026334168091,0.7958411012423559
CICIoT2023,32,adaptive_l1,msp,0.5025040778420329,0.9767852523940359,0.05589460428170106,20646,370,0.7547026334168091,0.7958411012423559
CICIoT2023,32,adaptive_l1,mahalanobis,0.44846441532982395,0.5231524538149379,0.04790274145112855,20646,370,0.7547026334168091,0.7958411012423559
CICIoT2023,32,adaptive_l10,gate,0.2660169849143422,0.3687471499572733,0.02169911847331202,20646,333,0.7588727861862435,0.7958411012423559
CICIoT2023,32,adaptive_l10,residual,0.2528492942042548,0.3651954538545351,0.015208757144241015,20646,333,0.7588727861862435,0.7958411012423559
CICIoT2023,32,adaptive_l10,msp,0.5006455056363184,0.977312063232948,0.054393102780199556,20646,333,0.7588727861862435,0.7958411012423559
CICIoT2023,32,adaptive_l10,mahalanobis,0.40924414538377096,0.41733486996141184,0.041073331395912044,20646,333,0.7588727861862435,0.7958411012423559
CICIoT2023,33,pgd,gate,0.629954263353922,0.7229250660078661,0.06509735541993607,20646,388,0.7529644678747296,0.7960414877424195
CICIoT2023,33,pgd,residual,0.6219560240932029,0.7377753979644379,0.06422551583841907,20646,388,0.7529644678747296,0.7960414877424195
CICIoT2023,33,pgd,msp,0.5357550848464498,0.9825992583016533,0.055507120023249056,20646,388,0.7529644678747296,0.7960414877424195
CICIoT2023,33,pgd,mahalanobis,0.7557401360824971,0.7401463402609638,0.16361522813135718,20646,388,0.7529644678747296,0.7960414877424195
CICIoT2023,33,pgd_constrained,gate,0.5468554632385476,0.6617286075646226,0.05274629468177855,20646,355,0.7564590089610977,0.7960414877424195
CICIoT2023,33,pgd_constrained,residual,0.5429541225751067,0.6776401341096526,0.05095417998643805,20646,355,0.7564590089610977,0.7960414877424195
CICIoT2023,33,pgd_constrained,msp,0.5268828324344819,0.9853097543817635,0.055410248958636055,20646,355,0.7564590089610977,0.7960414877424195
CICIoT2023,33,pgd_constrained,mahalanobis,0.681263209098797,0.66775800392151,0.0914462849946721,20646,355,0.7564590089610977,0.7960414877424195
CICIoT2023,33,transfer_tf,gate,0.6646393290291351,0.7327770181311727,0.08083890341954858,20646,293,0.7643362154462006,0.7960414877424195
CICIoT2023,33,transfer_tf,residual,0.6596108558052292,0.744727488366526,0.08161387193645259,20646,293,0.7643362154462006,0.7960414877424195
CICIoT2023,33,transfer_tf,msp,0.5077253794278572,0.9833080957372341,0.053860311924828055,20646,293,0.7643362154462006,0.7960414877424195
CICIoT2023,33,transfer_tf,mahalanobis,0.9249431228530514,0.9075533253782013,0.46745132229003195,20646,293,0.7643362154462006,0.7960414877424195
CICIoT2023,33,gaussian,gate,0.6592604817602709,0.7151860486401008,0.07987019277341859,20646,209,0.78259200824827,0.7960414877424195
CICIoT2023,33,gaussian,residual,0.6562575033902762,0.7290940615958794,0.08059672575801607,20646,209,0.78259200824827,0.7960414877424195
CICIoT2023,33,gaussian,msp,0.5009025850948678,0.939312753916479,0.05032451806645355,20646,209,0.78259200824827,0.7960414877424195
CICIoT2023,33,gaussian,mahalanobis,0.9202363813504609,0.920435096532753,0.5348251477283735,20646,209,0.78259200824827,0.7960414877424195
CICIoT2023,33,adaptive_l1,gate,0.3057351935280332,0.5115324429285988,0.025525525525525526,20646,382,0.75368401784042,0.7960414877424195
CICIoT2023,33,adaptive_l1,residual,0.296685609262364,0.5280036554628862,0.019277341857987018,20646,382,0.75368401784042,0.7960414877424195
CICIoT2023,33,adaptive_l1,msp,0.5057212718901463,0.9826869043181199,0.05526494236171656,20646,382,0.75368401784042,0.7960414877424195
CICIoT2023,33,adaptive_l1,mahalanobis,0.4552033894005939,0.5771824281843422,0.04756369272498305,20646,382,0.75368401784042,0.7960414877424195
CICIoT2023,33,adaptive_l10,gate,0.26448304525991995,0.3690110618723719,0.02043979463334302,20646,347,0.7577127141933496,0.7960414877424195
CICIoT2023,33,adaptive_l10,residual,0.25202513239678914,0.37118630312347833,0.014433788627337015,20646,347,0.7577127141933496,0.7960414877424195
CICIoT2023,33,adaptive_l10,msp,0.5042011947543911,0.9828668073390562,0.054635280441732055,20646,347,0.7577127141933496,0.7960414877424195
CICIoT2023,33,adaptive_l10,mahalanobis,0.40905533924020676,0.45505808095502054,0.04034679841131454,20646,347,0.7577127141933496,0.7960414877424195
CICIoT2023,34,pgd,gate,0.6320808673228732,0.714006888959909,0.06490361329071007,20646,375,0.7492006293908215,0.7908465593174052
CICIoT2023,34,pgd,residual,0.6260968996482866,0.7273638010013849,0.06538796861377506,20646,375,0.7492006293908215,0.7908465593174052
CICIoT2023,34,pgd,msp,0.5293997792638473,0.9818637122261283,0.056524266201685554,20646,375,0.7492006293908215,0.7908465593174052
CICIoT2023,34,pgd,mahalanobis,0.7750197277552416,0.7516233088313625,0.1893829313184152,20646,375,0.7492006293908215,0.7908465593174052
CICIoT2023,34,pgd_constrained,gate,0.5542675999489473,0.6453120763440289,0.053327521069456554,20646,343,0.7528316019474951,0.7908465593174052
CICIoT2023,34,pgd_constrained,residual,0.5488925074543471,0.6588908859439315,0.05158384190642255,20646,343,0.7528316019474951,0.7908465593174052
CICIoT2023,34,pgd_constrained,msp,0.5218453869305554,0.9846433300069787,0.056814879395524556,20646,343,0.7528316019474951,0.7908465593174052
CICIoT2023,34,pgd_constrained,mahalanobis,0.6885858212460569,0.6612921660468962,0.08761987794245858,20646,343,0.7528316019474951,0.7908465593174052
CICIoT2023,34,transfer_tf,gate,0.6577428937313535,0.7195766895850788,0.07875617553036908,20646,296,0.7584534446877855,0.7908465593174052
CICIoT2023,34,transfer_tf,residual,0.6542379720703727,0.7356617763496958,0.07899835319190159,20646,296,0.7584534446877855,0.7908465593174052
CICIoT2023,34,transfer_tf,msp,0.5062644696050214,0.9819771233361837,0.05444153831250605,20646,296,0.7584534446877855,0.7908465593174052
CICIoT2023,34,transfer_tf,mahalanobis,0.9112680754551553,0.8877782384493794,0.3944589751041364,20646,296,0.7584534446877855,0.7908465593174052
CICIoT2023,34,gaussian,gate,0.6573485884756052,0.7133582658411396,0.07967645064419258,20646,193,0.7795916523375417,0.7908465593174052
CICIoT2023,34,gaussian,residual,0.6543351528070898,0.7293178030911454,0.08108108108108109,20646,193,0.7795916523375417,0.7908465593174052
CICIoT2023,34,gaussian,msp,0.5009495649336844,0.9485991264514754,0.053327521069456554,20646,193,0.7795916523375417,0.7908465593174052
CICIoT2023,34,gaussian,mahalanobis,0.9177747156837068,0.9098345137222628,0.504068584713746,20646,193,0.7795916523375417,0.7908465593174052
CICIoT2023,34,adaptive_l1,gate,0.305886602073007,0.5080651592919169,0.02659110723626853,20646,366,0.7502803622726395,0.7908465593174052
CICIoT2023,34,adaptive_l1,residual,0.29724857086089285,0.5243816148481129,0.02019761697181052,20646,366,0.7502803622726395,0.7908465593174052
CICIoT2023,34,adaptive_l1,msp,0.5025882136413583,0.9817766228262432,0.05623365300784656,20646,366,0.7502803622726395,0.7908465593174052
CICIoT2023,34,adaptive_l1,mahalanobis,0.4545618496786105,0.5618025684864721,0.04494817398043204,20646,366,0.7502803622726395,0.7908465593174052
CICIoT2023,34,adaptive_l10,gate,0.2654601487238755,0.3681661360698662,0.02165068294100552,20646,337,0.7535124093018715,0.7908465593174052
CICIoT2023,34,adaptive_l10,residual,0.25347641657838427,0.3763611459626436,0.016371209919597018,20646,337,0.7535124093018715,0.7908465593174052
CICIoT2023,34,adaptive_l10,msp,0.5012686996321255,0.9820308343599125,0.05468371597403855,20646,337,0.7535124093018715,0.7908465593174052
CICIoT2023,34,adaptive_l10,mahalanobis,0.40748867522076737,0.4187161106385211,0.038457812651361035,20646,337,0.7535124093018715,0.7908465593174052
CICIoT2023,35,pgd,gate,0.6156439001741381,0.69766884981954,0.06848784268139106,20646,331,0.7634346350235758,0.7988142841417868
CICIoT2023,35,pgd,residual,0.6143436175063796,0.7142888553919082,0.07473602634892958,20646,331,0.7634346350235758,0.7988142841417868
CICIoT2023,35,pgd,msp,0.5293331000563988,0.9797992021498557,0.05700862152475056,20646,331,0.7634346350235758,0.7988142841417868
CICIoT2023,35,pgd,mahalanobis,0.7596057682679164,0.7029091549901585,0.14273951370725566,20646,331,0.7634346350235758,0.7988142841417868
CICIoT2023,35,pgd_constrained,gate,0.5444765398466498,0.6415783532716647,0.056718008330911555,20646,282,0.7681321704499584,0.7988142841417868
CICIoT2023,35,pgd_constrained,residual,0.5427230426703105,0.6587629192248917,0.05579773321708806,20646,282,0.7681321704499584,0.7988142841417868
CICIoT2023,35,pgd_constrained,msp,0.5234473875868912,0.9838244070493982,0.05657270173399206,20646,282,0.7681321704499584,0.7988142841417868
CICIoT2023,35,pgd_constrained,mahalanobis,0.6880820691884618,0.6577288914408346,0.08132325874261358,20646,282,0.7681321704499584,0.7988142841417868
CICIoT2023,35,transfer_tf,gate,0.6640966075524204,0.7277890143701693,0.07924053085343408,20646,246,0.7729966716569187,0.7988142841417868
CICIoT2023,35,transfer_tf,residual,0.6639085368801037,0.7460081663608817,0.08592463431173109,20646,246,0.7729966716569187,0.7988142841417868
CICIoT2023,35,transfer_tf,msp,0.5086758921458605,0.9788224425486924,0.053521263198682556,20646,246,0.7729966716569187,0.7988142841417868
CICIoT2023,35,transfer_tf,mahalanobis,0.9220177255561757,0.9191213690186201,0.5320158868545966,20646,246,0.7729966716569187,0.7988142841417868
CICIoT2023,35,gaussian,gate,0.6533453281538516,0.7080334603656766,0.07643126997965707,20646,183,0.7893868249616123,0.7988142841417868
CICIoT2023,35,gaussian,residual,0.6554240326516765,0.7276588833229988,0.08631211857018309,20646,183,0.7893868249616123,0.7988142841417868
CICIoT2023,35,gaussian,msp,0.5028766298054578,0.9459961588391985,0.05589460428170106,20646,183,0.7893868249616123,0.7988142841417868
CICIoT2023,35,gaussian,mahalanobis,0.9174539728017244,0.9220069020132421,0.513755691175046,20646,183,0.7893868249616123,0.7988142841417868
CICIoT2023,35,adaptive_l1,gate,0.31205085638928953,0.5083688697256252,0.027608253414705027,20646,323,0.764254663256319,0.7988142841417868
CICIoT2023,35,adaptive_l1,residual,0.2997828698851001,0.5228713032174195,0.019664826116439018,20646,323,0.764254663256319,0.7988142841417868
CICIoT2023,35,adaptive_l1,msp,0.505470118429592,0.9797495194199093,0.05647583066937906,20646,323,0.764254663256319,0.7988142841417868
CICIoT2023,35,adaptive_l1,mahalanobis,0.4562874153695464,0.5434897022311285,0.04683715974038555,20646,323,0.764254663256319,0.7988142841417868
CICIoT2023,35,adaptive_l10,gate,0.26940223355603354,0.37303962505832455,0.022764700184055024,20646,286,0.7682844414725056,0.7988142841417868
CICIoT2023,35,adaptive_l10,residual,0.2537418818167569,0.3763087740988294,0.016129032258064516,20646,286,0.7682844414725056,0.7988142841417868
CICIoT2023,35,adaptive_l10,msp,0.5036490012994874,0.9787193257231507,0.054974329167877554,20646,286,0.7682844414725056,0.7988142841417868
CICIoT2023,35,adaptive_l10,mahalanobis,0.41237476379173754,0.4129459044992406,0.04010462074978204,20646,286,0.7682844414725056,0.7988142841417868
CICIoT2023,36,pgd,gate,0.6304730732175867,0.7117884496665694,0.06509735541993607,20646,391,0.7566295626178233,0.7996245622736183
CICIoT2023,36,pgd,residual,0.6229341058394877,0.717457040710414,0.06902063353676256,20646,391,0.7566295626178233,0.7996245622736183
CICIoT2023,36,pgd,msp,0.5340354885545238,0.9770779542355519,0.057589847912428556,20646,391,0.7566295626178233,0.7996245622736183
CICIoT2023,36,pgd,mahalanobis,0.7559405197399591,0.7093564077689662,0.22198004456068973,20646,391,0.7566295626178233,0.7996245622736183
CICIoT2023,36,pgd_constrained,gate,0.5390162417763641,0.6556956974455246,0.05090574445413155,20646,349,0.7610425349016682,0.7996245622736183
CICIoT2023,36,pgd_constrained,residual,0.5366176847038562,0.6633583637980436,0.05294003681100455,20646,349,0.7610425349016682,0.7996245622736183
CICIoT2023,36,pgd_constrained,msp,0.5249845963934141,0.981267281281114,0.05778359004165456,20646,349,0.7610425349016682,0.7996245622736183
CICIoT2023,36,pgd_constrained,mahalanobis,0.667465472897596,0.6423316333898292,0.1004068584713746,20646,349,0.7610425349016682,0.7996245622736183
CICIoT2023,36,transfer_tf,gate,0.6631479387910377,0.7197876148430975,0.07991862830572508,20646,289,0.768380899266123,0.7996245622736183
CICIoT2023,36,transfer_tf,residual,0.6585878047428047,0.7285153231209788,0.08243727598566308,20646,289,0.768380899266123,0.7996245622736183
CICIoT2023,36,transfer_tf,msp,0.5081882430376867,0.9747867429074922,0.055071200232490555,20646,289,0.768380899266123,0.7996245622736183
CICIoT2023,36,transfer_tf,mahalanobis,0.9179644133075713,0.90780042770736,0.5131744647873681,20646,289,0.768380899266123,0.7996245622736183
CICIoT2023,36,gaussian,gate,0.6608520720381019,0.7271383344130842,0.07773902935193258,20646,217,0.7851772548264139,0.7996245622736183
CICIoT2023,36,gaussian,residual,0.6576070661506254,0.733494725519197,0.08277632471180858,20646,217,0.7851772548264139,0.7996245622736183
CICIoT2023,36,gaussian,msp,0.5015046826785725,0.9431204390714958,0.05100261551874455,20646,217,0.7851772548264139,0.7996245622736183
CICIoT2023,36,gaussian,mahalanobis,0.9200071184232765,0.9182366243322863,0.5346798411314541,20646,217,0.7851772548264139,0.7996245622736183
CICIoT2023,36,adaptive_l1,gate,0.30266817168247734,0.516491711745581,0.024992734670154025,20646,381,0.757723945403115,0.7996245622736183
CICIoT2023,36,adaptive_l1,residual,0.2955524005598534,0.5222212939562926,0.01932577739029352,20646,381,0.757723945403115,0.7996245622736183
CICIoT2023,36,adaptive_l1,msp,0.5037138740863277,0.9770127474118786,0.05744454131550906,20646,381,0.757723945403115,0.7996245622736183
CICIoT2023,36,adaptive_l1,mahalanobis,0.4588097697307323,0.5398592284717726,0.04591688462656204,20646,381,0.757723945403115,0.7996245622736183
CICIoT2023,36,adaptive_l10,gate,0.26152741739686647,0.3669175251372524,0.020536665697956022,20646,344,0.761898273154362,0.7996245622736183
CICIoT2023,36,adaptive_l10,residual,0.25060108645736423,0.36374290605144655,0.016080596725758015,20646,344,0.761898273154362,0.7996245622736183
CICIoT2023,36,adaptive_l10,msp,0.5021970285666604,0.9760047961260871,0.056088346410927054,20646,344,0.761898273154362,0.7996245622736183
CICIoT2023,36,adaptive_l10,mahalanobis,0.4129251918810468,0.3875965393868361,0.04024992734670154,20646,344,0.761898273154362,0.7996245622736183
CICIoT2023,37,pgd,gate,0.6258616180560758,0.7167558489750577,0.06437082243533856,20646,378,0.7524003859283325,0.7946770499121105
CICIoT2023,37,pgd,residual,0.6202786124144788,0.7315146839184278,0.06737382543834157,20646,378,0.7524003859283325,0.7946770499121105
CICIoT2023,37,pgd,msp,0.5275948436741904,0.9803651198833074,0.05381187639252155,20646,378,0.7524003859283325,0.7946770499121105
CICIoT2023,37,pgd,mahalanobis,0.7826744116222981,0.7528085603760993,0.16061222512835416,20646,378,0.7524003859283325,0.7946770499121105
CICIoT2023,37,pgd_constrained,gate,0.5451131177769627,0.6526094769544333,0.05134166424489005,20646,344,0.7560258885366266,0.7946770499121105
CICIoT2023,37,pgd_constrained,residual,0.5417782014092164,0.6706989297180709,0.05274629468177855,20646,344,0.7560258885366266,0.7946770499121105
CICIoT2023,37,pgd_constrained,msp,0.5203288358339871,0.9848846948694735,0.05424779618328005,20646,344,0.7560258885366266,0.7946770499121105
CICIoT2023,37,pgd_constrained,mahalanobis,0.6986997192090423,0.6689823231573688,0.0978397752591301,20646,344,0.7560258885366266,0.7946770499121105
CICIoT2023,37,transfer_tf,gate,0.6584233817584493,0.732932934243905,0.08326068003487358,20646,268,0.7659612559126006,0.7946770499121105
CICIoT2023,37,transfer_tf,residual,0.6545016449641416,0.7479025580457636,0.08316380897026059,20646,268,0.7659612559126006,0.7946770499121105
CICIoT2023,37,transfer_tf,msp,0.5042803582050425,0.978562238266231,0.05303690787561755,20646,268,0.7659612559126006,0.7946770499121105
CICIoT2023,37,transfer_tf,mahalanobis,0.9131572887771855,0.9065108408182445,0.5116729632858665,20646,268,0.7659612559126006,0.7946770499121105
CICIoT2023,37,gaussian,gate,0.6592976740837923,0.7262653927060436,0.07957957957957958,20646,234,0.7791908153583207,0.7946770499121105
CICIoT2023,37,gaussian,residual,0.656470718499058,0.7428944241723436,0.08243727598566308,20646,234,0.7791908153583207,0.7946770499121105
CICIoT2023,37,gaussian,msp,0.5003356857340133,0.9395957306774154,0.05231037489102005,20646,234,0.7791908153583207,0.7946770499121105
CICIoT2023,37,gaussian,mahalanobis,0.9192932937249575,0.9163596307023238,0.526252058510123,20646,234,0.7791908153583207,0.7946770499121105
CICIoT2023,37,adaptive_l1,gate,0.3076928948241207,0.5081390101013585,0.026494236171655527,20646,370,0.7533467850938194,0.7946770499121105
CICIoT2023,37,adaptive_l1,residual,0.2995348940826156,0.5282747489033386,0.01990700377797152,20646,370,0.7533467850938194,0.7946770499121105
CICIoT2023,37,adaptive_l1,msp,0.5037749041238743,0.9805160776603024,0.053860311924828055,20646,370,0.7533467850938194,0.7946770499121105
CICIoT2023,37,adaptive_l1,mahalanobis,0.46261714602453885,0.5773495575984408,0.04853240337111305,20646,370,0.7533467850938194,0.7946770499121105
CICIoT2023,37,adaptive_l10,gate,0.2660577971170822,0.3606888466437544,0.022231909328683522,20646,332,0.7578117119670091,0.7946770499121105
CICIoT2023,37,adaptive_l10,residual,0.2545182884321451,0.3728566147166843,0.016322774387290517,20646,332,0.7578117119670091,0.7946770499121105
CICIoT2023,37,adaptive_l10,msp,0.5020727175038093,0.9801014844316641,0.052649423617165556,20646,332,0.7578117119670091,0.7946770499121105
CICIoT2023,37,adaptive_l10,mahalanobis,0.420544061700046,0.4130778057988175,0.04015305628208854,20646,332,0.7578117119670091,0.7946770499121105
CICIoT2023,38,pgd,gate,0.6128048568203343,0.7210425663902137,0.06780974522910006,20646,337,0.75513973546208,0.7917570606997301
CICIoT2023,38,pgd,residual,0.6071272463508872,0.7319731159640755,0.06761600309987406,20646,337,0.75513973546208,0.7917570606997301
CICIoT2023,38,pgd,msp,0.5314794890230107,0.9837602089400088,0.05458684490942555,20646,337,0.75513973546208,0.7917570606997301
CICIoT2023,38,pgd,mahalanobis,0.7175815980598912,0.7183626183881433,0.14273951370725566,20646,337,0.75513973546208,0.7917570606997301
CICIoT2023,38,pgd_constrained,gate,0.5440706031189855,0.6720775339720764,0.05371500532790855,20646,307,0.7582178556921135,0.7917570606997301
CICIoT2023,38,pgd_constrained,residual,0.5410992840296494,0.6837700004771053,0.053327521069456554,20646,307,0.7582178556921135,0.7917570606997301
CICIoT2023,38,pgd_constrained,msp,0.5236153870494505,0.9877824572665328,0.05492589363557106,20646,307,0.7582178556921135,0.7917570606997301
CICIoT2023,38,pgd_constrained,mahalanobis,0.6433848633345217,0.6667139145634269,0.08151700087183958,20646,307,0.7582178556921135,0.7917570606997301
CICIoT2023,38,transfer_tf,gate,0.646247986040432,0.721520152118835,0.07953114404727309,20646,257,0.7645505086432183,0.7917570606997301
CICIoT2023,38,transfer_tf,residual,0.6424637366224115,0.7341683980373769,0.07865930446575607,20646,257,0.7645505086432183,0.7917570606997301
CICIoT2023,38,transfer_tf,msp,0.5087623317179617,0.9841133223147347,0.053424392134069555,20646,257,0.7645505086432183,0.7917570606997301
CICIoT2023,38,transfer_tf,mahalanobis,0.8989887835731597,0.9042724875263591,0.472101133391456,20646,257,0.7645505086432183,0.7917570606997301
CICIoT2023,38,gaussian,gate,0.6565967714674954,0.7244565975524697,0.07996706383803158,20646,168,0.7844096166117418,0.7917570606997301
CICIoT2023,38,gaussian,residual,0.6555039116325689,0.7376423498826962,0.08079046788724208,20646,168,0.7844096166117418,0.7917570606997301
CICIoT2023,38,gaussian,msp,0.501944776004736,0.947028406569019,0.052455681487939554,20646,168,0.7844096166117418,0.7917570606997301
CICIoT2023,38,gaussian,mahalanobis,0.9199900536135314,0.9187863800646756,0.53487358326068,20646,168,0.7844096166117418,0.7917570606997301
CICIoT2023,38,adaptive_l1,gate,0.3088394170811135,0.5253071391990167,0.025719267654751524,20646,325,0.7564577050328213,0.7917570606997301
CICIoT2023,38,adaptive_l1,residual,0.29938526615224126,0.5343765645805594,0.01908359972876102,20646,325,0.7564577050328213,0.7917570606997301
CICIoT2023,38,adaptive_l1,msp,0.504364158526255,0.9840485096794019,0.05444153831250605,20646,325,0.7564577050328213,0.7917570606997301
CICIoT2023,38,adaptive_l1,mahalanobis,0.4515323532886882,0.5411266209157021,0.04649811101424005,20646,325,0.7564577050328213,0.7917570606997301
CICIoT2023,38,adaptive_l10,gate,0.2665172977347795,0.38762960272946956,0.021795989537925022,20646,297,0.759468108222858,0.7917570606997301
CICIoT2023,38,adaptive_l10,residual,0.2534937488322194,0.38666890834667134,0.015111886079628016,20646,297,0.759468108222858,0.7917570606997301
CICIoT2023,38,adaptive_l10,msp,0.5027587784557814,0.9839867830546926,0.053666569795602054,20646,297,0.759468108222858,0.7917570606997301
CICIoT2023,38,adaptive_l10,mahalanobis,0.4058683769312713,0.41191121153837534,0.03952339436210404,20646,297,0.759468108222858,0.7917570606997301
CICIoT2023,39,pgd,gate,0.6125990996480634,0.7107555157008636,0.06480674222609706,20646,396,0.7430332885407802,0.7878680094617005
CICIoT2023,39,pgd,residual,0.6095789743582958,0.7238870981206358,0.06645355032451807,20646,396,0.7430332885407802,0.7878680094617005
CICIoT2023,39,pgd,msp,0.5276726077353708,0.984052131552798,0.05962414026930156,20646,396,0.7430332885407802,0.7878680094617005
CICIoT2023,39,pgd,mahalanobis,0.7389883016107577,0.7249882186299142,0.13484452194129615,20646,396,0.7430332885407802,0.7878680094617005
CICIoT2023,39,pgd_constrained,gate,0.5315148197949053,0.6410140091674479,0.05061513126029255,20646,372,0.7455381541847684,0.7878680094617005
CICIoT2023,39,pgd_constrained,residual,0.5306527771126865,0.6554373314069653,0.05066356679259905,20646,372,0.7455381541847684,0.7878680094617005
CICIoT2023,39,pgd_constrained,msp,0.5200657541324171,0.9851311334898507,0.05865542962317156,20646,372,0.7455381541847684,0.7878680094617005
CICIoT2023,39,pgd_constrained,mahalanobis,0.6634065255550945,0.6583229418391654,0.08171074300106558,20646,372,0.7455381541847684,0.7878680094617005
CICIoT2023,39,transfer_tf,gate,0.6581991685979649,0.7226032707067589,0.07386418676741258,20646,304,0.7536959917837056,0.7878680094617005
CICIoT2023,39,transfer_tf,residual,0.6590473698755238,0.7386484656723119,0.07507507507507508,20646,304,0.7536959917837056,0.7878680094617005
CICIoT2023,39,transfer_tf,msp,0.5073380406214542,0.9874375605101797,0.05734767025089606,20646,304,0.7536959917837056,0.7878680094617005
CICIoT2023,39,transfer_tf,mahalanobis,0.9172896870584152,0.9102034194390268,0.4613968807517195,20646,304,0.7536959917837056,0.7878680094617005
CICIoT2023,39,gaussian,gate,0.6535997718805137,0.7260532823430993,0.07371888017049308,20646,116,0.7839754933196081,0.7878680094617005
CICIoT2023,39,gaussian,residual,0.654507725798189,0.7426189797663152,0.07512351060738158,20646,116,0.7839754933196081,0.7878680094617005
CICIoT2023,39,gaussian,msp,0.5007366114039905,0.977060370108201,0.05231037489102005,20646,116,0.7839754933196081,0.7878680094617005
CICIoT2023,39,gaussian,mahalanobis,0.9190421050743913,0.9224211474641245,0.5115760922212536,20646,116,0.7839754933196081,0.7878680094617005
CICIoT2023,39,adaptive_l1,gate,0.3049630519420809,0.5071328745324271,0.025719267654751524,20646,388,0.7438298436445452,0.7878680094617005
CICIoT2023,39,adaptive_l1,residual,0.29538847258166473,0.5197842087470833,0.01864767993800252,20646,388,0.7438298436445452,0.7878680094617005
CICIoT2023,39,adaptive_l1,msp,0.5029992329797338,0.9841238212765255,0.059236656010849556,20646,388,0.7438298436445452,0.7878680094617005
CICIoT2023,39,adaptive_l1,mahalanobis,0.4523167879187791,0.5716272224314066,0.048726145500339046,20646,388,0.7438298436445452,0.7878680094617005
CICIoT2023,39,adaptive_l10,gate,0.26456351660601174,0.3656094687599135,0.021795989537925022,20646,358,0.7473588235784994,0.7878680094617005
CICIoT2023,39,adaptive_l10,residual,0.25208849553212126,0.3702987955539602,0.015402499273467015,20646,358,0.7473588235784994,0.7878680094617005
CICIoT2023,39,adaptive_l10,msp,0.5016376633873423,0.9848656373198059,0.05788046110626756,20646,358,0.7473588235784994,0.7878680094617005
CICIoT2023,39,adaptive_l10,mahalanobis,0.40667143176963094,0.4208120292689175,0.03995931415286254,20646,358,0.7473588235784994,0.7878680094617005
CICIoT2023,40,pgd,gate,0.6230529788725081,0.7113421234825361,0.06800348735832606,20646,380,0.7501198030088793,0.7918412452933842
CICIoT2023,40,pgd,residual,0.6216032606464401,0.7255685847467367,0.06713164777680906,20646,380,0.7501198030088793,0.7918412452933842
CICIoT2023,40,pgd,msp,0.5331396282709198,0.9800798429209306,0.05657270173399206,20646,380,0.7501198030088793,0.7918412452933842
CICIoT2023,40,pgd,mahalanobis,0.7405544190120129,0.7081198162365491,0.14695340501792115,20646,380,0.7501198030088793,0.7918412452933842
CICIoT2023,40,pgd_constrained,gate,0.5387007574551519,0.6638908440314415,0.053424392134069555,20646,333,0.7551758138451318,0.7918412452933842
CICIoT2023,40,pgd_constrained,residual,0.5375491959884625,0.6783236343869032,0.052891601278698054,20646,333,0.7551758138451318,0.7918412452933842
CICIoT2023,40,pgd_constrained,msp,0.5243086842408589,0.9845971550716717,0.056621137266298555,20646,333,0.7551758138451318,0.7918412452933842
CICIoT2023,40,pgd_constrained,mahalanobis,0.6549509146723947,0.659043609834471,0.08699021602247409,20646,333,0.7551758138451318,0.7918412452933842
CICIoT2023,40,transfer_tf,gate,0.669136774417263,0.747934646542658,0.08514966579482708,20646,289,0.7607181390005123,0.7918412452933842
CICIoT2023,40,transfer_tf,residual,0.6695465609322234,0.7666240429237491,0.08248571151796959,20646,289,0.7607181390005123,0.7918412452933842
CICIoT2023,40,transfer_tf,msp,0.5046931651960198,0.9796872895187793,0.055071200232490555,20646,289,0.7607181390005123,0.7918412452933842
CICIoT2023,40,transfer_tf,mahalanobis,0.9068707996087508,0.9319079717824558,0.5039232781168265,20646,289,0.7607181390005123,0.7918412452933842
CICIoT2023,40,gaussian,gate,0.6535431757844598,0.7087749982208511,0.07827182020730408,20646,226,0.7786253113166256,0.7918412452933842
CICIoT2023,40,gaussian,residual,0.6553457407403185,0.7265320828861896,0.08127482321030709,20646,226,0.7786253113166256,0.7918412452933842
CICIoT2023,40,gaussian,msp,0.5012383505929081,0.9430950404868317,0.052649423617165556,20646,226,0.7786253113166256,0.7918412452933842
CICIoT2023,40,gaussian,mahalanobis,0.9211648580830458,0.9112525161407692,0.541945170977429,20646,226,0.7786253113166256,0.7918412452933842
CICIoT2023,40,adaptive_l1,gate,0.313760208868767,0.5329447608023063,0.027123898091640026,20646,371,0.7511188902255439,0.7918412452933842
CICIoT2023,40,adaptive_l1,residual,0.29993791707729894,0.5398335292058143,0.019228906325680518,20646,371,0.7511188902255439,0.7918412452933842
CICIoT2023,40,adaptive_l1,msp,0.5044354675662622,0.9802590110313028,0.05657270173399206,20646,371,0.7511188902255439,0.7918412452933842
CICIoT2023,40,adaptive_l1,mahalanobis,0.456753614992499,0.5654010964552464,0.05071200232490555,20646,371,0.7511188902255439,0.7918412452933842
CICIoT2023,40,adaptive_l10,gate,0.2713076155155071,0.3984999064474001,0.022328780393296523,20646,339,0.7547818353067621,0.7918412452933842
CICIoT2023,40,adaptive_l10,residual,0.25419765933120075,0.39389721279234013,0.015063450547321515,20646,339,0.7547818353067621,0.7918412452933842
CICIoT2023,40,adaptive_l10,msp,0.5027732169176423,0.9795749774209112,0.05536181342632956,20646,339,0.7547818353067621,0.7918412452933842
CICIoT2023,40,adaptive_l10,mahalanobis,0.4132813171469414,0.43061059920322403,0.042284219703574544,20646,339,0.7547818353067621,0.7918412452933842
CICIoMT2024,31,pgd,gate,0.6295856256882685,nan,0.06784766549523058,13943,8,0.9878688508970994,0.9892954661559982
CICIoMT2024,31,pgd,residual,0.6308773933630427,nan,0.06942551818116617,13943,8,0.9878688508970994,0.9892954661559982
CICIoMT2024,31,pgd,msp,0.5565070647134152,nan,0.05852399053288389,13943,8,0.9878688508970994,0.9892954661559982
CICIoMT2024,31,pgd,mahalanobis,0.8064314103842907,nan,0.16567453202323745,13943,8,0.9878688508970994,0.9892954661559982
CICIoMT2024,31,pgd_constrained,gate,0.5736488149163614,nan,0.05257118267230868,13943,7,0.9880501744311886,0.9892954661559982
CICIoMT2024,31,pgd_constrained,residual,0.5746229658339541,nan,0.05522484400774582,13943,7,0.9880501744311886,0.9892954661559982
CICIoMT2024,31,pgd_constrained,msp,0.541241630861203,nan,0.05766334361328265,13943,7,0.9880501744311886,0.9892954661559982
CICIoMT2024,31,pgd_constrained,mahalanobis,0.7462255844173794,nan,0.08513232446388869,13943,7,0.9880501744311886,0.9892954661559982
CICIoMT2024,31,transfer_tf,gate,0.6815297895604705,nan,0.07050132683066772,13943,7,0.9880501744311886,0.9892954661559982
CICIoMT2024,31,transfer_tf,residual,0.6910040761905951,nan,0.07831886968371225,13943,7,0.9880501744311886,0.9892954661559982
CICIoMT2024,31,transfer_tf,msp,0.5141214718798887,nan,0.05429247651151115,13943,7,0.9880501744311886,0.9892954661559982
CICIoMT2024,31,transfer_tf,mahalanobis,0.9252559352866516,nan,0.5059886681488919,13943,7,0.9880501744311886,0.9892954661559982
CICIoMT2024,31,gaussian,gate,0.6633294780072734,nan,0.06870831241483182,13943,0,0.9892954661559982,0.9892954661559982
CICIoMT2024,31,gaussian,residual,0.6679648247067166,nan,0.07666929642114323,13943,0,0.9892954661559982,0.9892954661559982
CICIoMT2024,31,gaussian,msp,0.5024169597708776,nan,0.0512084917162734,13943,0,0.9892954661559982,0.9892954661559982
CICIoMT2024,31,gaussian,mahalanobis,0.9311865114659382,nan,0.5382629276339381,13943,0,0.9892954661559982,0.9892954661559982
CICIoMT2024,31,adaptive_l1,gate,0.26987537126251915,nan,0.028616510076741018,13943,8,0.9878688508970994,0.9892954661559982
CICIoMT2024,31,adaptive_l1,residual,0.2559623638314022,nan,0.02503048124506921,13943,8,0.9878688508970994,0.9892954661559982
CICIoMT2024,31,adaptive_l1,msp,0.5000323779078835,nan,0.05572688804417988,13943,8,0.9878688508970994,0.9892954661559982
CICIoMT2024,31,adaptive_l1,mahalanobis,0.5049260277326387,nan,0.04661837481173348,13943,8,0.9878688508970994,0.9892954661559982
CICIoMT2024,31,adaptive_l10,gate,0.26732537375702486,nan,0.02632145162447106,13943,7,0.9880501744311886,0.9892954661559982
CICIoMT2024,31,adaptive_l10,residual,0.25327424390435155,nan,0.022950584522699564,13943,7,0.9880501744311886,0.9892954661559982
CICIoMT2024,31,adaptive_l10,msp,0.4987086669797997,nan,0.052714623825575554,13943,7,0.9880501744311886,0.9892954661559982
CICIoMT2024,31,adaptive_l10,mahalanobis,0.49506554151177773,nan,0.04382127232302948,13943,7,0.9880501744311886,0.9892954661559982
CICIoMT2024,32,pgd,gate,0.6083240368264251,0.7714775488466531,0.06440507781682565,13943,13,0.9839808076177888,0.9862887135097457
CICIoMT2024,32,pgd,residual,0.6130224007233394,0.772570426832651,0.0656960481962275,13943,13,0.9839808076177888,0.9862887135097457
CICIoMT2024,32,pgd,msp,0.5572278608808461,0.9988072651421851,0.05737646130674891,13943,13,0.9839808076177888,0.9862887135097457
CICIoMT2024,32,pgd,mahalanobis,0.8149047055338972,0.8735922954875789,0.24793803342178872,13943,13,0.9839808076177888,0.9862887135097457
CICIoMT2024,32,pgd_constrained,gate,0.5562856146377545,0.7923763817316392,0.05027612422003873,13943,11,0.9843381531364847,0.9862887135097457
CICIoMT2024,32,pgd_constrained,residual,0.5613555284659164,0.7958970929546438,0.05092160940973965,13943,11,0.9843381531364847,0.9862887135097457
CICIoMT2024,32,pgd_constrained,msp,0.5437047977567956,0.9993837116294926,0.05579860862081331,13943,11,0.9843381531364847,0.9862887135097457
CICIoMT2024,32,pgd_constrained,mahalanobis,0.752533394472343,0.881213694714344,0.10901527648282293,13943,11,0.9843381531364847,0.9862887135097457
CICIoMT2024,32,transfer_tf,gate,0.6458093494240021,0.7793490945805961,0.07042960625403429,13943,11,0.9843381531364847,0.9862887135097457
CICIoMT2024,32,transfer_tf,residual,0.6548725016935968,0.7797162450991962,0.07709961988094384,13943,11,0.9843381531364847,0.9862887135097457
CICIoMT2024,32,transfer_tf,msp,0.5195632802766527,0.9995410618517497,0.05343182959190992,13943,11,0.9843381531364847,0.9862887135097457
CICIoMT2024,32,transfer_tf,mahalanobis,0.9335362077985065,0.9623408468064462,0.6700136269095603,13943,11,0.9843381531364847,0.9862887135097457
CICIoMT2024,32,gaussian,gate,0.6526331716159411,nan,0.06770422434196371,13943,1,0.9866405342356411,0.9862887135097457
CICIoMT2024,32,gaussian,residual,0.6614229030111939,nan,0.0716488560568027,13943,1,0.9866405342356411,0.9862887135097457
CICIoMT2024,32,gaussian,msp,0.502486188156492,nan,0.05027612422003873,13943,1,0.9866405342356411,0.9862887135097457
CICIoMT2024,32,gaussian,mahalanobis,0.9303313736001685,nan,0.5361830309115685,13943,1,0.9866405342356411,0.9862887135097457
CICIoMT2024,32,adaptive_l1,gate,0.2751419084172113,0.7514784364632915,0.028616510076741018,13943,13,0.9839808076177888,0.9862887135097457
CICIoMT2024,32,adaptive_l1,residual,0.2606748372844883,0.7492316568474076,0.026249731047837625,13943,13,0.9839808076177888,0.9862887135097457
CICIoMT2024,32,adaptive_l1,msp,0.506396700773231,0.9988128127461748,0.054507638241411464,13943,13,0.9839808076177888,0.9862887135097457
CICIoMT2024,32,adaptive_l1,mahalanobis,0.5071470097290456,0.8604777596556048,0.05156709459944058,13943,13,0.9839808076177888,0.9862887135097457
CICIoMT2024,32,adaptive_l10,gate,0.27230926713026016,0.6858031266296087,0.027038657390805423,13943,13,0.9839808076177888,0.9862887135097457
CICIoMT2024,32,adaptive_l10,residual,0.25779895429722377,0.6757591896060092,0.024169834325467977,13943,13,0.9839808076177888,0.9862887135097457
CICIoMT2024,32,adaptive_l10,msp,0.5046113918313817,0.9988571935780937,0.04991752133687155,13943,13,0.9839808076177888,0.9862887135097457
CICIoMT2024,32,adaptive_l10,mahalanobis,0.49432573885143555,0.8472189861198949,0.04876999211073657,13943,13,0.9839808076177888,0.9862887135097457
CICIoMT2024,33,pgd,gate,0.6130990593874408,0.8022010396344258,0.06368787205049128,13943,11,0.987841988157488,0.9898175514588082
CICIoMT2024,33,pgd,residual,0.6166805230601252,0.8134484700090345,0.06418991608692534,13943,11,0.987841988157488,0.9898175514588082
CICIoMT2024,33,pgd,msp,0.5587126306180075,0.9988412135178661,0.057735064189916085,13943,11,0.987841988157488,0.9898175514588082
CICIoMT2024,33,pgd,mahalanobis,0.7502550843667357,0.907270894164168,0.08943555906189486,13943,11,0.987841988157488,0.9898175514588082
CICIoMT2024,33,pgd_constrained,gate,0.5549427403296058,nan,0.0519974180592412,13943,7,0.9885623081272185,0.9898175514588082
CICIoMT2024,33,pgd_constrained,residual,0.5573282455120796,nan,0.050204403643405296,13943,7,0.9885623081272185,0.9898175514588082
CICIoMT2024,33,pgd_constrained,msp,0.5433133925988531,nan,0.05673097611704798,13943,7,0.9885623081272185,0.9898175514588082
CICIoMT2024,33,pgd_constrained,mahalanobis,0.7016864890670821,nan,0.06411819551029191,13943,7,0.9885623081272185,0.9898175514588082
CICIoMT2024,33,transfer_tf,gate,0.675966391047486,nan,0.0724377823997705,13943,8,0.9883812135669722,0.9898175514588082
CICIoMT2024,33,transfer_tf,residual,0.687301187004606,nan,0.07688445815104353,13943,8,0.9883812135669722,0.9898175514588082
CICIoMT2024,33,transfer_tf,msp,0.5204291430511421,nan,0.05536828516101269,13943,8,0.9883812135669722,0.9898175514588082
CICIoMT2024,33,transfer_tf,mahalanobis,0.8999027448816993,nan,0.38255755576274836,13943,8,0.9883812135669722,0.9898175514588082
CICIoMT2024,33,gaussian,gate,0.6527702987042423,nan,0.06870831241483182,13943,3,0.9898136348471516,0.9898175514588082
CICIoMT2024,33,gaussian,residual,0.6607001470402989,nan,0.07186401778670301,13943,3,0.9898136348471516,0.9898175514588082
CICIoMT2024,33,gaussian,msp,0.5037478052065847,nan,0.051065050563006524,13943,3,0.9898136348471516,0.9898175514588082
CICIoMT2024,33,gaussian,mahalanobis,0.9291077000940432,nan,0.52786344402209,13943,3,0.9898136348471516,0.9898175514588082
CICIoMT2024,33,adaptive_l1,gate,0.2719670036583872,0.7799186230735993,0.027540701427239474,13943,10,0.9880231082469274,0.9898175514588082
CICIoMT2024,33,adaptive_l1,residual,0.25905073889502955,0.7910341351001008,0.024528437208635158,13943,10,0.9880231082469274,0.9898175514588082
CICIoMT2024,33,adaptive_l1,msp,0.5029162467084753,0.9987037303759181,0.055583446890913005,13943,10,0.9880231082469274,0.9898175514588082
CICIoMT2024,33,adaptive_l1,mahalanobis,0.5134154642556563,0.8927264871093188,0.049415477300437494,13943,10,0.9880231082469274,0.9898175514588082
CICIoMT2024,33,adaptive_l10,gate,0.26952948652650294,0.7010910269336023,0.02617801047120419,13943,10,0.9880231082469274,0.9898175514588082
CICIoMT2024,33,adaptive_l10,residual,0.2564332953448665,0.7113351577128043,0.023094025675966436,13943,10,0.9880231082469274,0.9898175514588082
CICIoMT2024,33,adaptive_l10,msp,0.5016493777966068,0.9987253348696529,0.04991752133687155,13943,10,0.9880231082469274,0.9898175514588082
CICIoMT2024,33,adaptive_l10,mahalanobis,0.5013840867631433,0.8621777329684575,0.046833536541633795,13943,10,0.9880231082469274,0.9898175514588082
CICIoMT2024,34,pgd,gate,0.6326412061928823,nan,0.06411819551029191,13943,7,0.986085072477765,0.9873397002672973
CICIoMT2024,34,pgd,residual,0.6380869136212097,nan,0.07050132683066772,13943,7,0.986085072477765,0.9873397002672973
CICIoMT2024,34,pgd,msp,0.547621840479827,nan,0.06124937244495446,13943,7,0.986085072477765,0.9873397002672973
CICIoMT2024,34,pgd,mahalanobis,0.7448013319709081,nan,0.14580793229577566,13943,7,0.986085072477765,0.9873397002672973
CICIoMT2024,34,pgd_constrained,gate,0.5700734132604284,nan,0.05092160940973965,13943,5,0.9864376733702246,0.9873397002672973
CICIoMT2024,34,pgd_constrained,residual,0.5735393179705969,nan,0.05343182959190992,13943,5,0.9864376733702246,0.9873397002672973
CICIoMT2024,34,pgd_constrained,msp,0.5332001534572407,nan,0.06010184321881948,13943,5,0.9864376733702246,0.9873397002672973
CICIoMT2024,34,pgd_constrained,mahalanobis,0.673783326875841,nan,0.08520404504052212,13943,5,0.9864376733702246,0.9873397002672973
CICIoMT2024,34,transfer_tf,gate,0.6674340188827013,nan,0.07021444452413397,13943,5,0.9864376733702246,0.9873397002672973
CICIoMT2024,34,transfer_tf,residual,0.675711364548963,nan,0.07380047335580578,13943,5,0.9864376733702246,0.9873397002672973
CICIoMT2024,34,transfer_tf,msp,0.5130324847094565,nan,0.0579502259198164,13943,5,0.9864376733702246,0.9873397002672973
CICIoMT2024,34,transfer_tf,mahalanobis,0.9176352009384177,nan,0.4761529082693825,13943,5,0.9864376733702246,0.9873397002672973
CICIoMT2024,34,gaussian,gate,0.6608460469496176,nan,0.06878003299146525,13943,5,0.9866091392113212,0.9873397002672973
CICIoMT2024,34,gaussian,residual,0.6702275078230236,nan,0.07293982643620454,13943,5,0.9866091392113212,0.9873397002672973
CICIoMT2024,34,gaussian,msp,0.5012568024148112,nan,0.05192569748260776,13943,5,0.9866091392113212,0.9873397002672973
CICIoMT2024,34,gaussian,mahalanobis,0.9334060068922636,nan,0.5659470702144446,13943,5,0.9866091392113212,0.9873397002672973
CICIoMT2024,34,adaptive_l1,gate,0.2702706497328194,nan,0.0273972602739726,13943,7,0.986085072477765,0.9873397002672973
CICIoMT2024,34,adaptive_l1,residual,0.2553895199658939,nan,0.024241554902101413,13943,7,0.986085072477765,0.9873397002672973
CICIoMT2024,34,adaptive_l1,msp,0.5005765448591888,nan,0.05730474073011547,13943,7,0.986085072477765,0.9873397002672973
CICIoMT2024,34,adaptive_l1,mahalanobis,0.4856251733699498,nan,0.04690525711826723,13943,7,0.986085072477765,0.9873397002672973
CICIoMT2024,34,adaptive_l10,gate,0.267447979781865,nan,0.02596284874130388,13943,7,0.986085072477765,0.9873397002672973
CICIoMT2024,34,adaptive_l10,residual,0.2524130877444801,nan,0.023022305099333,13943,7,0.986085072477765,0.9873397002672973
CICIoMT2024,34,adaptive_l10,msp,0.4994697291354604,nan,0.05077816825647278,13943,7,0.986085072477765,0.9873397002672973
CICIoMT2024,34,adaptive_l10,mahalanobis,0.4760921080674312,nan,0.0444667575127304,13943,7,0.986085072477765,0.9873397002672973
CICIoMT2024,35,pgd,gate,0.6236189063094041,nan,0.060532166678620096,13943,8,0.9885505249537913,0.9899835141185616
CICIoMT2024,35,pgd,residual,0.6275383897850435,nan,0.06519400415979344,13943,8,0.9885505249537913,0.9899835141185616
CICIoMT2024,35,pgd,msp,0.5540488204737675,nan,0.05866743168615075,13943,8,0.9885505249537913,0.9899835141185616
CICIoMT2024,35,pgd,mahalanobis,0.7785608550018626,nan,0.0964641755719716,13943,8,0.9885505249537913,0.9899835141185616
CICIoMT2024,35,pgd_constrained,gate,0.5635357480934263,nan,0.05092160940973965,13943,6,0.9889051514173982,0.9899835141185616
CICIoMT2024,35,pgd_constrained,residual,0.5656988875965216,nan,0.05099332998637309,13943,6,0.9889051514173982,0.9899835141185616
CICIoMT2024,35,pgd_constrained,msp,0.5398306546686436,nan,0.05809366707308327,13943,6,0.9889051514173982,0.9899835141185616
CICIoMT2024,35,pgd_constrained,mahalanobis,0.7538740389253694,nan,0.06691529799899591,13943,6,0.9889051514173982,0.9899835141185616
CICIoMT2024,35,transfer_tf,gate,0.6814410428697543,nan,0.07537832604174137,13943,6,0.9889051514173982,0.9899835141185616
CICIoMT2024,35,transfer_tf,residual,0.6909560790091732,nan,0.08054220755934878,13943,6,0.9889051514173982,0.9899835141185616
CICIoMT2024,35,transfer_tf,msp,0.5120283709173828,nan,0.05422075593487772,13943,6,0.9889051514173982,0.9899835141185616
CICIoMT2024,35,transfer_tf,mahalanobis,0.9307173262865316,nan,0.4945850964641756,13943,6,0.9889051514173982,0.9899835141185616
CICIoMT2024,35,gaussian,gate,0.6585565489895904,nan,0.06791938607186401,13943,4,0.9894375395662363,0.9899835141185616
CICIoMT2024,35,gaussian,residual,0.6657595828641143,nan,0.07372875277917235,13943,4,0.9894375395662363,0.9899835141185616
CICIoMT2024,35,gaussian,msp,0.504252032803571,nan,0.0512084917162734,13943,4,0.9894375395662363,0.9899835141185616
CICIoMT2024,35,gaussian,mahalanobis,0.9302463613381001,nan,0.5391235745535394,13943,4,0.9894375395662363,0.9899835141185616
CICIoMT2024,35,adaptive_l1,gate,0.26956399141268644,nan,0.029548877572975685,13943,8,0.9885505249537913,0.9899835141185616
CICIoMT2024,35,adaptive_l1,residual,0.25578164011775095,nan,0.027755863157139782,13943,8,0.9885505249537913,0.9899835141185616
CICIoMT2024,35,adaptive_l1,msp,0.50475927726337,nan,0.0537904324750771,13943,8,0.9885505249537913,0.9899835141185616
CICIoMT2024,35,adaptive_l1,mahalanobis,0.49321491093163916,nan,0.046761815965000356,13943,8,0.9885505249537913,0.9899835141185616
CICIoMT2024,35,adaptive_l10,gate,0.2668731143867994,nan,0.0273972602739726,13943,8,0.9885505249537913,0.9899835141185616
CICIoMT2024,35,adaptive_l10,residual,0.25289239600319635,nan,0.024958760668435775,13943,8,0.9885505249537913,0.9899835141185616
CICIoMT2024,35,adaptive_l10,msp,0.5031180987494968,nan,0.05006096249013842,13943,8,0.9885505249537913,0.9899835141185616
CICIoMT2024,35,adaptive_l10,mahalanobis,0.48092566754030863,nan,0.043534390016495735,13943,8,0.9885505249537913,0.9899835141185616
CICIoMT2024,36,pgd,gate,0.639714759298919,nan,0.06540916588969375,13943,2,0.9864230049106717,0.9867763838140282
CICIoMT2024,36,pgd,residual,0.6406968291599043,nan,0.07172057663343613,13943,2,0.9864230049106717,0.9867763838140282
CICIoMT2024,36,pgd,msp,0.5527103235744054,nan,0.05902603456931794,13943,2,0.9864230049106717,0.9867763838140282
CICIoMT2024,36,pgd,mahalanobis,0.7876235417538366,nan,0.1627339883812666,13943,2,0.9864230049106717,0.9867763838140282
CICIoMT2024,36,pgd_constrained,gate,0.5765406540987574,nan,0.049989241913504984,13943,2,0.9864230049106717,0.9867763838140282
CICIoMT2024,36,pgd_constrained,residual,0.5789086187830372,nan,0.052212579789141504,13943,2,0.9864230049106717,0.9867763838140282
CICIoMT2024,36,pgd_constrained,msp,0.5398987642688159,nan,0.05859571110951732,13943,2,0.9864230049106717,0.9867763838140282
CICIoMT2024,36,pgd_constrained,mahalanobis,0.7155888667505397,nan,0.07709961988094384,13943,2,0.9864230049106717,0.9867763838140282
CICIoMT2024,36,transfer_tf,gate,0.6932656379495397,nan,0.07752994334074446,13943,2,0.9864230049106717,0.9867763838140282
CICIoMT2024,36,transfer_tf,residual,0.7026467310383061,nan,0.08642329484329055,13943,2,0.9864230049106717,0.9867763838140282
CICIoMT2024,36,transfer_tf,msp,0.5122371954350323,nan,0.052786344402208994,13943,2,0.9864230049106717,0.9867763838140282
CICIoMT2024,36,transfer_tf,mahalanobis,0.9392185524933795,nan,0.5734060101843219,13943,2,0.9864230049106717,0.9867763838140282
CICIoMT2024,36,gaussian,gate,0.6652320639545699,nan,0.06856487126156495,13943,0,0.9869576567216245,0.9867763838140282
CICIoMT2024,36,gaussian,residual,0.6724000476957523,nan,0.0734418704726386,13943,0,0.9869576567216245,0.9867763838140282
CICIoMT2024,36,gaussian,msp,0.5035817825908333,nan,0.05142365344617371,13943,0,0.9869576567216245,0.9867763838140282
CICIoMT2024,36,gaussian,mahalanobis,0.930983139419868,nan,0.5238470917306175,13943,0,0.9869576567216245,0.9867763838140282
CICIoMT2024,36,adaptive_l1,gate,0.2657932549624217,nan,0.028831671806641326,13943,2,0.9864230049106717,0.9867763838140282
CICIoMT2024,36,adaptive_l1,residual,0.25287789808702044,nan,0.025819407588037007,13943,2,0.9864230049106717,0.9867763838140282
CICIoMT2024,36,adaptive_l1,msp,0.5065767712190609,nan,0.05400559420497741,13943,2,0.9864230049106717,0.9867763838140282
CICIoMT2024,36,adaptive_l1,mahalanobis,0.4923642019130675,nan,0.04303234598006168,13943,2,0.9864230049106717,0.9867763838140282
CICIoMT2024,36,adaptive_l10,gate,0.2628198010250122,nan,0.02711037796743886,13943,2,0.9864230049106717,0.9867763838140282
CICIoMT2024,36,adaptive_l10,residual,0.24975974018335087,nan,0.023954672595567668,13943,2,0.9864230049106717,0.9867763838140282
CICIoMT2024,36,adaptive_l10,msp,0.5046355138742794,nan,0.04984580076023811,13943,2,0.9864230049106717,0.9867763838140282
CICIoMT2024,36,adaptive_l10,mahalanobis,0.4835622873301396,nan,0.04166965502402639,13943,2,0.9864230049106717,0.9867763838140282
CICIoMT2024,37,pgd,gate,0.6315622623722226,nan,0.058308828802983576,13943,7,0.9884128300056975,0.9896624530109167
CICIoMT2024,37,pgd,residual,0.6351576067001492,nan,0.06863659183819838,13943,7,0.9884128300056975,0.9896624530109167
CICIoMT2024,37,pgd,msp,0.5589824816666172,nan,0.060030122642186046,13943,7,0.9884128300056975,0.9896624530109167
CICIoMT2024,37,pgd,mahalanobis,0.74249379970394,nan,0.17908627985369002,13943,7,0.9884128300056975,0.9896624530109167
CICIoMT2024,37,pgd_constrained,gate,0.5637375872748449,nan,0.04669009538836692,13943,6,0.9885892388509712,0.9896624530109167
CICIoMT2024,37,pgd_constrained,residual,0.5659672237839238,nan,0.05049128594993904,13943,6,0.9885892388509712,0.9896624530109167
CICIoMT2024,37,pgd_constrained,msp,0.5432585592525926,nan,0.05931291687585168,13943,6,0.9885892388509712,0.9896624530109167
CICIoMT2024,37,pgd_constrained,mahalanobis,0.6724763025683266,nan,0.09015276482822922,13943,6,0.9885892388509712,0.9896624530109167
CICIoMT2024,37,transfer_tf,gate,0.6669718499025723,nan,0.06713045972889622,13943,3,0.9891282498312975,0.9896624530109167
CICIoMT2024,37,transfer_tf,residual,0.6721273829660539,nan,0.07372875277917235,13943,3,0.9891282498312975,0.9896624530109167
CICIoMT2024,37,transfer_tf,msp,0.5173149510489704,nan,0.05429247651151115,13943,3,0.9891282498312975,0.9896624530109167
CICIoMT2024,37,transfer_tf,mahalanobis,0.9384595067234351,nan,0.5410600301226421,13943,3,0.9891282498312975,0.9896624530109167
CICIoMT2024,37,gaussian,gate,0.6673894526433014,nan,0.06583948934949437,13943,2,0.9894766430343173,0.9896624530109167
CICIoMT2024,37,gaussian,residual,0.672867934055278,nan,0.0726529441296708,13943,2,0.9894766430343173,0.9896624530109167
CICIoMT2024,37,gaussian,msp,0.5015515933770557,nan,0.04991752133687155,13943,2,0.9894766430343173,0.9896624530109167
CICIoMT2024,37,gaussian,mahalanobis,0.9307811510670572,nan,0.542351000502044,13943,2,0.9894766430343173,0.9896624530109167
CICIoMT2024,37,adaptive_l1,gate,0.2624764547745851,nan,0.02689521623753855,13943,7,0.9884128300056975,0.9896624530109167
CICIoMT2024,37,adaptive_l1,residual,0.251085981881262,nan,0.024241554902101413,13943,7,0.9884128300056975,0.9896624530109167
CICIoMT2024,37,adaptive_l1,msp,0.5003148828056303,nan,0.055583446890913005,13943,7,0.9884128300056975,0.9896624530109167
CICIoMT2024,37,adaptive_l1,mahalanobis,0.4917775776972184,nan,0.04690525711826723,13943,7,0.9884128300056975,0.9896624530109167
CICIoMT2024,37,adaptive_l10,gate,0.25992678133108094,nan,0.026106289894570752,13943,5,0.9887705399184975,0.9896624530109167
CICIoMT2024,37,adaptive_l10,residual,0.24834743945170482,nan,0.023094025675966436,13943,5,0.9887705399184975,0.9896624530109167
CICIoMT2024,37,adaptive_l10,msp,0.49860448362190446,nan,0.049558918453704366,13943,5,0.9887705399184975,0.9896624530109167
CICIoMT2024,37,adaptive_l10,mahalanobis,0.4790330220659622,nan,0.04504052212579789,13943,5,0.9887705399184975,0.9896624530109167
CICIoMT2024,38,pgd,gate,0.6231202109135344,0.7015700396110911,0.05766334361328265,13943,10,0.9878640630626089,0.9896533169293456
CICIoMT2024,38,pgd,residual,0.6264700036982674,0.7109254591285561,0.062253460517822566,13943,10,0.9878640630626089,0.9896533169293456
CICIoMT2024,38,pgd,msp,0.5572318422138672,0.9977889809146561,0.05873915226278419,13943,10,0.9878640630626089,0.9896533169293456
CICIoMT2024,38,pgd,mahalanobis,0.8040641735535283,0.8031544832553115,0.13433264003442588,13943,10,0.9878640630626089,0.9896533169293456
CICIoMT2024,38,pgd_constrained,gate,0.5598096113175286,nan,0.04891343326400344,13943,6,0.9885752138136233,0.9896533169293456
CICIoMT2024,38,pgd_constrained,residual,0.5641255897818913,nan,0.051638815176074014,13943,6,0.9885752138136233,0.9896533169293456
CICIoMT2024,38,pgd_constrained,msp,0.5402071375435182,nan,0.057735064189916085,13943,6,0.9885752138136233,0.9896533169293456
CICIoMT2024,38,pgd_constrained,mahalanobis,0.7450156758300717,nan,0.0829807071648856,13943,6,0.9885752138136233,0.9896533169293456
CICIoMT2024,38,transfer_tf,gate,0.6637739418862926,nan,0.06548088646632719,13943,4,0.9889376153826509,0.9896533169293456
CICIoMT2024,38,transfer_tf,residual,0.6743234404803495,nan,0.07415907623897296,13943,4,0.9889376153826509,0.9896533169293456
CICIoMT2024,38,transfer_tf,msp,0.5085061951573626,nan,0.05264290324894212,13943,4,0.9889376153826509,0.9896533169293456
CICIoMT2024,38,transfer_tf,mahalanobis,0.9379043885344008,nan,0.599727461808793,13943,4,0.9889376153826509,0.9896533169293456
CICIoMT2024,38,gaussian,gate,0.654712893447713,nan,0.06469196012335938,13943,3,0.9894766430343173,0.9896533169293456
CICIoMT2024,38,gaussian,residual,0.661824894194146,nan,0.07014272394750054,13943,3,0.9894766430343173,0.9896533169293456
CICIoMT2024,38,gaussian,msp,0.5028382635052873,nan,0.05034784479667217,13943,3,0.9894766430343173,0.9896533169293456
CICIoMT2024,38,gaussian,mahalanobis,0.9319200386401227,nan,0.5378326041741376,13943,3,0.9894766430343173,0.9896533169293456
CICIoMT2024,38,adaptive_l1,gate,0.2729868678919478,0.6806193734245589,0.02782758373377322,13943,10,0.9878640630626089,0.9896533169293456
CICIoMT2024,38,adaptive_l1,residual,0.26148128355028577,0.6903781058696434,0.025675966434770135,13943,10,0.9878640630626089,0.9896533169293456
CICIoMT2024,38,adaptive_l1,msp,0.497844185326649,0.9977961829312207,0.056157211503980495,13943,10,0.9878640630626089,0.9896533169293456
CICIoMT2024,38,adaptive_l1,mahalanobis,0.5042284045694202,0.7801080302484696,0.04841138922756939,13943,10,0.9878640630626089,0.9896533169293456
CICIoMT2024,38,adaptive_l10,gate,0.2701946751995858,nan,0.026464892777737933,13943,9,0.9880453527558158,0.9896533169293456
CICIoMT2024,38,adaptive_l10,residual,0.2585501634252332,nan,0.02409811374883454,13943,9,0.9880453527558158,0.9896533169293456
CICIoMT2024,38,adaptive_l10,msp,0.49590594484468015,nan,0.050563006526572474,13943,9,0.9880453527558158,0.9896533169293456
CICIoMT2024,38,adaptive_l10,mahalanobis,0.4996795824213324,nan,0.045112242702431325,13943,9,0.9880453527558158,0.9896533169293456
CICIoMT2024,39,pgd,gate,0.6278249403138255,nan,0.05751990246001578,13943,6,0.9893000284239744,0.990364749954993
CICIoMT2024,39,pgd,residual,0.630210087999342,nan,0.06598293050276124,13943,6,0.9893000284239744,0.990364749954993
CICIoMT2024,39,pgd,msp,0.5514211715428369,nan,0.05845226995625045,13943,6,0.9893000284239744,0.990364749954993
CICIoMT2024,39,pgd,mahalanobis,0.7907356376407548,nan,0.11984508355447178,13943,6,0.9893000284239744,0.990364749954993
CICIoMT2024,39,pgd_constrained,gate,0.5574709588118291,nan,0.048841712687370004,13943,5,0.9894766430343173,0.990364749954993
CICIoMT2024,39,pgd_constrained,residual,0.5593201516883766,nan,0.05049128594993904,13943,5,0.9894766430343173,0.990364749954993
CICIoMT2024,39,pgd_constrained,msp,0.5358033665709656,nan,0.05744818188338234,13943,5,0.9894766430343173,0.990364749954993
CICIoMT2024,39,pgd_constrained,mahalanobis,0.7189559428414112,nan,0.06834970953166464,13943,5,0.9894766430343173,0.990364749954993
CICIoMT2024,39,transfer_tf,gate,0.6863507234753372,nan,0.07107509144373521,13943,3,0.9898344656039426,0.990364749954993
CICIoMT2024,39,transfer_tf,residual,0.6925768930560814,nan,0.07616725238470917,13943,3,0.9898344656039426,0.990364749954993
CICIoMT2024,39,transfer_tf,msp,0.5114805698423315,nan,0.05264290324894212,13943,3,0.9898344656039426,0.990364749954993
CICIoMT2024,39,transfer_tf,mahalanobis,0.939691158327126,nan,0.6133543713691458,13943,3,0.9898344656039426,0.990364749954993
CICIoMT2024,39,gaussian,gate,0.6633043606311202,nan,0.06677185684572903,13943,1,0.9903606061229595,0.990364749954993
CICIoMT2024,39,gaussian,residual,0.6694672352469737,nan,0.07358531162590547,13943,1,0.9903606061229595,0.990364749954993
CICIoMT2024,39,gaussian,msp,0.501940714669544,nan,0.050634727103205907,13943,1,0.9903606061229595,0.990364749954993
CICIoMT2024,39,gaussian,mahalanobis,0.9321643505176086,nan,0.5364699132181022,13943,1,0.9903606061229595,0.990364749954993
CICIoMT2024,39,adaptive_l1,gate,0.27064649219947556,nan,0.02854478950010758,13943,6,0.9893000284239744,0.990364749954993
CICIoMT2024,39,adaptive_l1,residual,0.25502797994945137,nan,0.026106289894570752,13943,6,0.9893000284239744,0.990364749954993
CICIoMT2024,39,adaptive_l1,msp,0.4974438015940444,nan,0.05572688804417988,13943,6,0.9893000284239744,0.990364749954993
CICIoMT2024,39,adaptive_l1,mahalanobis,0.49637806972928256,nan,0.05751990246001578,13943,6,0.9893000284239744,0.990364749954993
CICIoMT2024,39,adaptive_l10,gate,0.2678279784721402,nan,0.026608333931004806,13943,5,0.9894766430343173,0.990364749954993
CICIoMT2024,39,adaptive_l10,residual,0.2519836438815098,nan,0.024169834325467977,13943,5,0.9894766430343173,0.990364749954993
CICIoMT2024,39,adaptive_l10,msp,0.4961830487092588,nan,0.049558918453704366,13943,5,0.9894766430343173,0.990364749954993
CICIoMT2024,39,adaptive_l10,mahalanobis,0.4906078579405236,nan,0.056157211503980495,13943,5,0.9894766430343173,0.990364749954993
CICIoMT2024,40,pgd,gate,0.6131370852328659,nan,0.0589543139926845,13943,8,0.9855622003530434,0.9869925903867981
CICIoMT2024,40,pgd,residual,0.6177180872509543,nan,0.06175141648138851,13943,8,0.9855622003530434,0.9869925903867981
CICIoMT2024,40,pgd,msp,0.5564369027206387,nan,0.061034210715054146,13943,8,0.9855622003530434,0.9869925903867981
CICIoMT2024,40,pgd,mahalanobis,0.7326558023564235,nan,0.10657677687728609,13943,8,0.9855622003530434,0.9869925903867981
CICIoMT2024,40,pgd_constrained,gate,0.5399518898598272,nan,0.04948719787707093,13943,8,0.9855622003530434,0.9869925903867981
CICIoMT2024,40,pgd_constrained,residual,0.5424345519132365,nan,0.049989241913504984,13943,8,0.9855622003530434,0.9869925903867981
CICIoMT2024,40,pgd_constrained,msp,0.54197119213389,nan,0.05916947572258481,13943,8,0.9855622003530434,0.9869925903867981
CICIoMT2024,40,pgd_constrained,mahalanobis,0.6853337346489585,nan,0.07057304740730115,13943,8,0.9855622003530434,0.9869925903867981
CICIoMT2024,40,transfer_tf,gate,0.6765960203469573,nan,0.0752348848884745,13943,5,0.9862719212295891,0.9869925903867981
CICIoMT2024,40,transfer_tf,residual,0.6866963381596948,nan,0.07466112027540701,13943,5,0.9862719212295891,0.9869925903867981
CICIoMT2024,40,transfer_tf,msp,0.5134325598115943,nan,0.053862153051710535,13943,5,0.9862719212295891,0.9869925903867981
CICIoMT2024,40,transfer_tf,mahalanobis,0.9342799866480288,nan,0.45219823567381484,13943,5,0.9862719212295891,0.9869925903867981
CICIoMT2024,40,gaussian,gate,0.6449870292645312,nan,0.06763250376533027,13943,1,0.9869872285877844,0.9869925903867981
CICIoMT2024,40,gaussian,residual,0.6540301745641182,nan,0.07150541490353582,13943,1,0.9869872285877844,0.9869925903867981
CICIoMT2024,40,gaussian,msp,0.500806657163283,nan,0.05049128594993904,13943,1,0.9869872285877844,0.9869925903867981
CICIoMT2024,40,gaussian,mahalanobis,0.9308850669452147,nan,0.5374022807143369,13943,1,0.9869872285877844,0.9869925903867981
CICIoMT2024,40,adaptive_l1,gate,0.28043421621587783,nan,0.03019436276267661,13943,8,0.9855622003530434,0.9869925903867981
CICIoMT2024,40,adaptive_l1,residual,0.26641619469652594,nan,0.02689521623753855,13943,8,0.9855622003530434,0.9869925903867981
CICIoMT2024,40,adaptive_l1,msp,0.500000619832854,nan,0.054435917664778025,13943,8,0.9855622003530434,0.9869925903867981
CICIoMT2024,40,adaptive_l1,mahalanobis,0.5600005635592323,nan,0.06892347414473213,13943,8,0.9855622003530434,0.9869925903867981
CICIoMT2024,40,adaptive_l10,gate,0.27770847680684996,nan,0.028473068923474145,13943,8,0.9855622003530434,0.9869925903867981
CICIoMT2024,40,adaptive_l10,residual,0.26339957107257866,nan,0.025317363551602953,13943,8,0.9855622003530434,0.9869925903867981
CICIoMT2024,40,adaptive_l10,msp,0.49852417025869245,nan,0.049630639030337806,13943,8,0.9855622003530434,0.9869925903867981
CICIoMT2024,40,adaptive_l10,mahalanobis,0.5482521744855307,nan,0.0664849745391953,13943,8,0.9855622003530434,0.9869925903867981
TON_IoT,31,pgd,gate,0.5621487315209649,nan,0.05091558731576597,6717,1,0.9677760464808411,0.9680779970731038
TON_IoT,31,pgd,residual,0.5683666256343437,nan,0.048980199493821645,6717,1,0.9677760464808411,0.9680779970731038
TON_IoT,31,pgd,msp,0.5615703271474995,nan,0.06595206193241031,6717,1,0.9677760464808411,0.9680779970731038
TON_IoT,31,pgd,mahalanobis,0.6205560922582515,nan,0.05448861098704779,6717,1,0.9677760464808411,0.9680779970731038
TON_IoT,31,pgd_constrained,gate,0.4766276448455075,nan,0.04972457942533869,6717,1,0.9677760464808411,0.9680779970731038
TON_IoT,31,pgd_constrained,residual,0.47710424969461807,nan,0.04942682745273187,6717,1,0.9677760464808411,0.9680779970731038
TON_IoT,31,pgd_constrained,msp,0.5454093035722325,nan,0.057763882685722794,6717,1,0.9677760464808411,0.9680779970731038
TON_IoT,31,pgd_constrained,mahalanobis,0.4788711463377804,nan,0.05002233139794551,6717,1,0.9677760464808411,0.9680779970731038
TON_IoT,31,transfer_tf,gate,0.5829714773602224,nan,0.05612624683638529,6717,0,0.9680779970731038,0.9680779970731038
TON_IoT,31,transfer_tf,residual,0.595951559473186,nan,0.05657287479529552,6717,0,0.9680779970731038,0.9680779970731038
TON_IoT,31,transfer_tf,msp,0.5381755419649976,nan,0.055381866904868245,6717,0,0.9680779970731038,0.9680779970731038
TON_IoT,31,transfer_tf,mahalanobis,0.708610464419271,nan,0.055679618877475065,6717,0,0.9680779970731038,0.9680779970731038
TON_IoT,31,gaussian,gate,0.5765083933408615,nan,0.05553074289117165,6717,7,0.9668871380726989,0.9680779970731038
TON_IoT,31,gaussian,residual,0.5870952557409955,nan,0.05493523894595802,6717,7,0.9668871380726989,0.9680779970731038
TON_IoT,31,gaussian,msp,0.5035656430395357,nan,0.05523299091856484,6717,7,0.9668871380726989,0.9680779970731038
TON_IoT,31,gaussian,mahalanobis,0.7048476720722814,nan,0.06922733363108531,6717,7,0.9668871380726989,0.9680779970731038
TON_IoT,31,adaptive_l1,gate,0.3916337081563893,nan,0.03826112847997618,6717,1,0.9677760464808411,0.9680779970731038
TON_IoT,31,adaptive_l1,residual,0.3819910457643717,nan,0.03587911269912163,6717,1,0.9677760464808411,0.9680779970731038
TON_IoT,31,adaptive_l1,msp,0.5156653797992198,nan,0.059401518535060295,6717,1,0.9677760464808411,0.9680779970731038
TON_IoT,31,adaptive_l1,mahalanobis,0.4432891650176052,nan,0.04540717582253982,6717,1,0.9677760464808411,0.9680779970731038
TON_IoT,31,adaptive_l10,gate,0.3855585838309774,nan,0.03677236861694209,6717,1,0.9677760464808411,0.9680779970731038
TON_IoT,31,adaptive_l10,residual,0.3748591280096105,nan,0.03528360875390799,6717,1,0.9677760464808411,0.9680779970731038
TON_IoT,31,adaptive_l10,msp,0.5102636993335423,nan,0.05061783534315915,6717,1,0.9677760464808411,0.9680779970731038
TON_IoT,31,adaptive_l10,mahalanobis,0.4358808725254299,nan,0.04064314426083073,6717,1,0.9677760464808411,0.9680779970731038
TON_IoT,32,pgd,gate,0.551284164539859,0.7778208327032612,0.048682447521214825,6717,24,0.9612102453168925,0.9684096442406468
TON_IoT,32,pgd,residual,0.5586416680901534,0.7941806542668481,0.043918415959505734,6717,24,0.9612102453168925,0.9684096442406468
TON_IoT,32,pgd,msp,0.5605343014417121,0.9944868692978477,0.07116272145302963,6717,24,0.9612102453168925,0.9684096442406468
TON_IoT,32,pgd,mahalanobis,0.6919850262275071,0.9041912394777963,0.06624981390501712,6717,24,0.9612102453168925,0.9684096442406468
TON_IoT,32,pgd_constrained,gate,0.4729710515886433,0.8089575629270171,0.048980199493821645,6717,11,0.9650986380431403,0.9684096442406468
TON_IoT,32,pgd_constrained,residual,0.47370161222918816,0.8105659651100451,0.047044811671877323,6717,11,0.9650986380431403,0.9684096442406468
TON_IoT,32,pgd_constrained,msp,0.5435780646649285,0.9957384215663363,0.05642399880899211,6717,11,0.9650986380431403,0.9684096442406468
TON_IoT,32,pgd_constrained,mahalanobis,0.47740466135434056,0.8870819185351168,0.05240434717880006,6717,11,0.9650986380431403,0.9684096442406468
TON_IoT,32,transfer_tf,gate,0.5635364343556306,0.7787601960487809,0.06029477445288075,6717,17,0.963301620738673,0.9684096442406468
TON_IoT,32,transfer_tf,residual,0.5767085791244394,0.7869437204792699,0.056721750781598926,6717,17,0.963301620738673,0.9684096442406468
TON_IoT,32,transfer_tf,msp,0.5194691424098214,0.9955257469689827,0.06610093791871371,6717,17,0.963301620738673,0.9684096442406468
TON_IoT,32,transfer_tf,mahalanobis,0.7358116608174606,0.9186895686748917,0.08128628852166146,6717,17,0.963301620738673,0.9684096442406468
TON_IoT,32,gaussian,gate,0.5829524495153153,0.7479207621351882,0.05716837874050915,6717,12,0.965398538434553,0.9684096442406468
TON_IoT,32,gaussian,residual,0.5957017372788107,0.7494455365693835,0.05374423105553074,6717,12,0.965398538434553,0.9684096442406468
TON_IoT,32,gaussian,msp,0.5034953608075022,0.9923635263874188,0.05835938663093643,6717,12,0.965398538434553,0.9684096442406468
TON_IoT,32,gaussian,mahalanobis,0.7058948352178657,0.8618882000100812,0.10897722197409558,6717,12,0.965398538434553,0.9684096442406468
TON_IoT,32,adaptive_l1,gate,0.3883208794592342,0.7599330863450778,0.038558880452582996,6717,24,0.9612102453168925,0.9684096442406468
TON_IoT,32,adaptive_l1,residual,0.37510988109447635,0.7751776803266294,0.03424147684978413,6717,24,0.9612102453168925,0.9684096442406468
TON_IoT,32,adaptive_l1,msp,0.525418940061934,0.9944931700186501,0.07101384546672622,6717,24,0.9612102453168925,0.9684096442406468
TON_IoT,32,adaptive_l1,mahalanobis,0.43698145105392205,0.9032272291950199,0.05076671132946256,6717,24,0.9612102453168925,0.9684096442406468
TON_IoT,32,adaptive_l10,gate,0.38259125957218626,0.675583904980548,0.037218996575852314,6717,22,0.961807217757184,0.9684096442406468
TON_IoT,32,adaptive_l10,residual,0.3676482175475118,0.6710130184347635,0.03185946106892958,6717,22,0.961807217757184,0.9684096442406468
TON_IoT,32,adaptive_l10,msp,0.5226240078563611,0.9945424301994694,0.07056721750781599,6717,22,0.961807217757184,0.9684096442406468
TON_IoT,32,adaptive_l10,mahalanobis,0.43041348670596397,0.8385824065545825,0.04540717582253982,6717,22,0.961807217757184,0.9684096442406468
TON_IoT,33,pgd,gate,0.5606158319338392,nan,0.057763882685722794,6717,6,0.9650175113539806,0.9668471781272434
TON_IoT,33,pgd,residual,0.5663851254870302,nan,0.05433973500074438,6717,6,0.9650175113539806,0.9668471781272434
TON_IoT,33,pgd,msp,0.5704747268883662,nan,0.06044365043918416,6717,6,0.9650175113539806,0.9668471781272434
TON_IoT,33,pgd,mahalanobis,0.6255090945895337,nan,0.05255322316510347,6717,6,0.9650175113539806,0.9668471781272434
TON_IoT,33,pgd_constrained,gate,0.47563366436020815,nan,0.04972457942533869,6717,2,0.9662356499844692,0.9668471781272434
TON_IoT,33,pgd_constrained,residual,0.477895318217046,nan,0.04689593568557392,6717,2,0.9662356499844692,0.9668471781272434
TON_IoT,33,pgd_constrained,msp,0.5467544514130463,nan,0.055679618877475065,6717,2,0.9662356499844692,0.9668471781272434
TON_IoT,33,pgd_constrained,mahalanobis,0.4788713014861955,nan,0.05002233139794551,6717,2,0.9662356499844692,0.9668471781272434
TON_IoT,33,transfer_tf,gate,0.5760757841494571,nan,0.05999702248027393,6717,1,0.9668471781272434,0.9668471781272434
TON_IoT,33,transfer_tf,residual,0.5850550430006023,nan,0.05657287479529552,6717,1,0.9668471781272434,0.9668471781272434
TON_IoT,33,transfer_tf,msp,0.5357337386341873,nan,0.04838469554860801,6717,1,0.9668471781272434,0.9668471781272434
TON_IoT,33,transfer_tf,mahalanobis,0.6518335916221983,nan,0.058061634658329614,6717,1,0.9668471781272434,0.9668471781272434
TON_IoT,33,gaussian,gate,0.5776108336503348,nan,0.05597737085008188,6717,6,0.9653256548580443,0.9668471781272434
TON_IoT,33,gaussian,residual,0.5890188855294824,nan,0.05419085901444097,6717,6,0.9653256548580443,0.9668471781272434
TON_IoT,33,gaussian,msp,0.5031193253774555,nan,0.05091558731576597,6717,6,0.9653256548580443,0.9668471781272434
TON_IoT,33,gaussian,mahalanobis,0.7135032248373817,nan,0.07414024117909782,6717,6,0.9653256548580443,0.9668471781272434
TON_IoT,33,adaptive_l1,gate,0.39215827602982034,nan,0.04108977221974096,6717,6,0.9650175113539806,0.9668471781272434
TON_IoT,33,adaptive_l1,residual,0.3820085442891874,nan,0.03736787256215572,6717,6,0.9650175113539806,0.9668471781272434
TON_IoT,33,adaptive_l1,msp,0.5294623072355746,nan,0.05895489057615007,6717,6,0.9650175113539806,0.9668471781272434
TON_IoT,33,adaptive_l1,mahalanobis,0.44446835946442687,nan,0.041536400178651185,6717,6,0.9650175113539806,0.9668471781272434
TON_IoT,33,adaptive_l10,gate,0.3858188009691634,nan,0.03945213637040346,6717,6,0.9650175113539806,0.9668471781272434
TON_IoT,33,adaptive_l10,residual,0.37426447738067986,nan,0.03662349263063868,6717,6,0.9650175113539806,0.9668471781272434
TON_IoT,33,adaptive_l10,msp,0.5235895740176406,nan,0.049575703439035286,6717,6,0.9650175113539806,0.9668471781272434
TON_IoT,33,adaptive_l10,mahalanobis,0.4362833275141596,nan,0.039898764329313684,6717,6,0.9650175113539806,0.9668471781272434
TON_IoT,34,pgd,gate,0.5646902177084673,nan,0.05046895935685574,6717,5,0.9696002112748703,0.9711314164764768
TON_IoT,34,pgd,residual,0.5706982957545033,nan,0.05002233139794551,6717,5,0.9696002112748703,0.9711314164764768
TON_IoT,34,pgd,msp,0.5588806520595321,nan,0.05061783534315915,6717,5,0.9696002112748703,0.9711314164764768
TON_IoT,34,pgd,mahalanobis,0.6511315007158216,nan,0.06193241030221825,6717,5,0.9696002112748703,0.9711314164764768
TON_IoT,34,pgd_constrained,gate,0.4760300131506013,nan,0.0498734554116421,6717,2,0.9705187447171807,0.9711314164764768
TON_IoT,34,pgd_constrained,residual,0.4777218733710109,nan,0.05061783534315915,6717,2,0.9705187447171807,0.9711314164764768
TON_IoT,34,pgd_constrained,msp,0.54381759165376,nan,0.05002233139794551,6717,2,0.9705187447171807,0.9711314164764768
TON_IoT,34,pgd_constrained,mahalanobis,0.48098535379013946,nan,0.05121333928837279,6717,2,0.9705187447171807,0.9711314164764768
TON_IoT,34,transfer_tf,gate,0.5749354322165551,nan,0.054041983028137563,6717,2,0.9705187447171807,0.9711314164764768
TON_IoT,34,transfer_tf,residual,0.5834452008816242,nan,0.0531487271103171,6717,2,0.9705187447171807,0.9711314164764768
TON_IoT,34,transfer_tf,msp,0.5409130360109002,nan,0.049575703439035286,6717,2,0.9705187447171807,0.9711314164764768
TON_IoT,34,transfer_tf,mahalanobis,0.6247174165554752,nan,0.07801101682298645,6717,2,0.9705187447171807,0.9711314164764768
TON_IoT,34,gaussian,gate,0.582876105413064,nan,0.05493523894595802,6717,8,0.9695962787258857,0.9711314164764768
TON_IoT,34,gaussian,residual,0.5945694752275523,nan,0.054041983028137563,6717,8,0.9695962787258857,0.9711314164764768
TON_IoT,34,gaussian,msp,0.5050532171253973,nan,0.05076671132946256,6717,8,0.9695962787258857,0.9711314164764768
TON_IoT,34,gaussian,mahalanobis,0.7086426687974308,nan,0.10570195027542058,6717,8,0.9695962787258857,0.9711314164764768
TON_IoT,34,adaptive_l1,gate,0.38991929600564423,nan,0.03796337650736936,6717,5,0.9696002112748703,0.9711314164764768
TON_IoT,34,adaptive_l1,residual,0.3804699485388222,nan,0.03602798868542504,6717,5,0.9696002112748703,0.9711314164764768
TON_IoT,34,adaptive_l1,msp,0.5307979245308905,nan,0.050320083370552326,6717,5,0.9696002112748703,0.9711314164764768
TON_IoT,34,adaptive_l1,mahalanobis,0.43890207761237404,nan,0.048980199493821645,6717,5,0.9696002112748703,0.9711314164764768
TON_IoT,34,adaptive_l10,gate,0.3849219323096773,nan,0.03736787256215572,6717,4,0.9699063259495199,0.9711314164764768
TON_IoT,34,adaptive_l10,residual,0.3743033309766289,nan,0.035432484740211406,6717,4,0.9699063259495199,0.9711314164764768
TON_IoT,34,adaptive_l10,msp,0.5283549465049373,nan,0.049575703439035286,6717,4,0.9699063259495199,0.9711314164764768
TON_IoT,34,adaptive_l10,mahalanobis,0.4330120675102175,nan,0.047342563644484144,6717,4,0.9699063259495199,0.9711314164764768
TON_IoT,35,pgd,gate,0.5529359078129394,nan,0.0562751228226887,6717,3,0.9699262397294809,0.9708299493844678
TON_IoT,35,pgd,residual,0.5590458407934786,nan,0.052999851124013696,6717,3,0.9699262397294809,0.9708299493844678
TON_IoT,35,pgd,msp,0.5679963085315959,nan,0.05389310704183415,6717,3,0.9699262397294809,0.9708299493844678
TON_IoT,35,pgd,mahalanobis,0.6827206267534958,nan,0.05925264254875689,6717,3,0.9699262397294809,0.9708299493844678
TON_IoT,35,pgd_constrained,gate,0.46718974511531286,nan,0.05180884323358642,6717,2,0.970227361120555,0.9708299493844678
TON_IoT,35,pgd_constrained,residual,0.4678948170876652,nan,0.051362215274676194,6717,2,0.970227361120555,0.9708299493844678
TON_IoT,35,pgd_constrained,msp,0.5475148227133467,nan,0.05046895935685574,6717,2,0.970227361120555,0.9708299493844678
TON_IoT,35,pgd_constrained,mahalanobis,0.4730035884276925,nan,0.05121333928837279,6717,2,0.970227361120555,0.9708299493844678
TON_IoT,35,transfer_tf,gate,0.5751131214799456,nan,0.05612624683638529,6717,0,0.9708299493844678,0.9708299493844678
TON_IoT,35,transfer_tf,residual,0.5859427911496873,nan,0.05344647908292392,6717,0,0.9708299493844678,0.9708299493844678
TON_IoT,35,transfer_tf,msp,0.5154616034380357,nan,0.05240434717880006,6717,0,0.9708299493844678,0.9708299493844678
TON_IoT,35,transfer_tf,mahalanobis,0.7583394988205284,nan,0.06937620961738872,6717,0,0.9708299493844678,0.9708299493844678
TON_IoT,35,gaussian,gate,0.5796859547841222,nan,0.05448861098704779,6717,5,0.9696252333530871,0.9708299493844678
TON_IoT,35,gaussian,residual,0.5907002732318738,nan,0.051957719219889835,6717,5,0.9696252333530871,0.9708299493844678
TON_IoT,35,gaussian,msp,0.500424729868324,nan,0.053595355069227336,6717,5,0.9696252333530871,0.9708299493844678
TON_IoT,35,gaussian,mahalanobis,0.7053040522172827,nan,0.08217954443948192,6717,5,0.9696252333530871,0.9708299493844678
TON_IoT,35,adaptive_l1,gate,0.3880691289917,nan,0.03632574065803186,6717,3,0.9699262397294809,0.9708299493844678
TON_IoT,35,adaptive_l1,residual,0.3792537290309437,nan,0.0305195771921989,6717,3,0.9699262397294809,0.9708299493844678
TON_IoT,35,adaptive_l1,msp,0.532537481806909,nan,0.05374423105553074,6717,3,0.9699262397294809,0.9708299493844678
TON_IoT,35,adaptive_l1,mahalanobis,0.43523357117363726,nan,0.04228078011016823,6717,3,0.9699262397294809,0.9708299493844678
TON_IoT,35,adaptive_l10,gate,0.3840410328549154,nan,0.03573023671281822,6717,3,0.9699262397294809,0.9708299493844678
TON_IoT,35,adaptive_l10,residual,0.37429076395500704,nan,0.02992407324698526,6717,3,0.9699262397294809,0.9708299493844678
TON_IoT,35,adaptive_l10,msp,0.5310579089464538,nan,0.04972457942533869,6717,3,0.9699262397294809,0.9708299493844678
TON_IoT,35,adaptive_l10,mahalanobis,0.43059864525733793,nan,0.041238648206044365,6717,3,0.9699262397294809,0.9708299493844678
TON_IoT,36,pgd,gate,0.5672340311221957,nan,0.04749143963078755,6717,2,0.9662680243597178,0.9668813652973492
TON_IoT,36,pgd,residual,0.575899092268735,nan,0.04674705969927051,6717,2,0.9662680243597178,0.9668813652973492
TON_IoT,36,pgd,msp,0.5623552451434722,nan,0.052999851124013696,6717,2,0.9662680243597178,0.9668813652973492
TON_IoT,36,pgd,mahalanobis,0.6653650157922247,nan,0.05821051064463302,6717,2,0.9662680243597178,0.9668813652973492
TON_IoT,36,pgd_constrained,gate,0.4741236602463371,nan,0.050320083370552326,6717,2,0.9662680243597178,0.9668813652973492
TON_IoT,36,pgd_constrained,residual,0.47528357196156956,nan,0.04689593568557392,6717,2,0.9662680243597178,0.9668813652973492
TON_IoT,36,pgd_constrained,msp,0.5376446905807558,nan,0.0515110912609796,6717,2,0.9662680243597178,0.9668813652973492
TON_IoT,36,pgd_constrained,mahalanobis,0.4762138751045063,nan,0.05002233139794551,6717,2,0.9662680243597178,0.9668813652973492
TON_IoT,36,transfer_tf,gate,0.5842236913004006,nan,0.051064463302069374,6717,2,0.9662680243597178,0.9668813652973492
TON_IoT,36,transfer_tf,residual,0.5937868622937466,nan,0.05582849486377847,6717,2,0.9662680243597178,0.9668813652973492
TON_IoT,36,transfer_tf,msp,0.532453424612022,nan,0.050320083370552326,6717,2,0.9662680243597178,0.9668813652973492
TON_IoT,36,transfer_tf,mahalanobis,0.721006468159589,nan,0.06565430995980348,6717,2,0.9662680243597178,0.9668813652973492
TON_IoT,36,gaussian,gate,0.5807700100064078,nan,0.05642399880899211,6717,7,0.9650577491281691,0.9668813652973492
TON_IoT,36,gaussian,residual,0.5917921302030322,nan,0.053595355069227336,6717,7,0.9650577491281691,0.9668813652973492
TON_IoT,36,gaussian,msp,0.5015791559788803,nan,0.05225547119249665,6717,7,0.9650577491281691,0.9668813652973492
TON_IoT,36,gaussian,mahalanobis,0.7047130475761064,nan,0.07667113294625577,6717,7,0.9650577491281691,0.9668813652973492
TON_IoT,36,adaptive_l1,gate,0.3899723567636032,nan,0.03796337650736936,6717,2,0.9662680243597178,0.9668813652973492
TON_IoT,36,adaptive_l1,residual,0.3803861683946764,nan,0.03587911269912163,6717,2,0.9662680243597178,0.9668813652973492
TON_IoT,36,adaptive_l1,msp,0.5222495017464059,nan,0.052702099151406875,6717,2,0.9662680243597178,0.9668813652973492
TON_IoT,36,adaptive_l1,mahalanobis,0.4425879828376596,nan,0.043620663986898914,6717,2,0.9662680243597178,0.9668813652973492
TON_IoT,36,adaptive_l10,gate,0.38365003668484277,nan,0.03766562453476254,6717,2,0.9662680243597178,0.9668813652973492
TON_IoT,36,adaptive_l10,residual,0.37259396114937404,nan,0.035134732767604586,6717,2,0.9662680243597178,0.9668813652973492
TON_IoT,36,adaptive_l10,msp,0.5190772153492582,nan,0.050320083370552326,6717,2,0.9662680243597178,0.9668813652973492
TON_IoT,36,adaptive_l10,mahalanobis,0.4360168047011034,nan,0.03960101235670686,6717,2,0.9662680243597178,0.9668813652973492
TON_IoT,37,pgd,gate,0.5558081039292244,nan,0.04912907548012506,6717,6,0.972012080187943,0.9738371965259939
TON_IoT,37,pgd,residual,0.5612540681853792,nan,0.047044811671877323,6717,6,0.972012080187943,0.9738371965259939
TON_IoT,37,pgd,msp,0.562766410607506,nan,0.057763882685722794,6717,6,0.972012080187943,0.9738371965259939
TON_IoT,37,pgd,mahalanobis,0.6805704470328964,nan,0.0546374869733512,6717,6,0.972012080187943,0.9738371965259939
TON_IoT,37,pgd_constrained,gate,0.4735222606613503,nan,0.0498734554116421,6717,3,0.9729243373797754,0.9738371965259939
TON_IoT,37,pgd_constrained,residual,0.47450989114366077,nan,0.04808694357600119,6717,3,0.9729243373797754,0.9738371965259939
TON_IoT,37,pgd_constrained,msp,0.5406581825750643,nan,0.051659967247283015,6717,3,0.9729243373797754,0.9738371965259939
TON_IoT,37,pgd_constrained,mahalanobis,0.4767704146334744,nan,0.049575703439035286,6717,3,0.9729243373797754,0.9738371965259939
TON_IoT,37,transfer_tf,gate,0.5737319792068322,nan,0.05225547119249665,6717,3,0.9729243373797754,0.9738371965259939
TON_IoT,37,transfer_tf,residual,0.5841139127146986,nan,0.051659967247283015,6717,3,0.9729243373797754,0.9738371965259939
TON_IoT,37,transfer_tf,msp,0.545282458660871,nan,0.051957719219889835,6717,3,0.9729243373797754,0.9738371965259939
TON_IoT,37,transfer_tf,mahalanobis,0.7412380431272255,nan,0.0579127586720262,6717,3,0.9729243373797754,0.9738371965259939
TON_IoT,37,gaussian,gate,0.5777931773661779,nan,0.05553074289117165,6717,4,0.9735330133909748,0.9738371965259939
TON_IoT,37,gaussian,residual,0.5899619551705747,nan,0.05433973500074438,6717,4,0.9735330133909748,0.9738371965259939
TON_IoT,37,gaussian,msp,0.5033583315108936,nan,0.05210659520619324,6717,4,0.9735330133909748,0.9738371965259939
TON_IoT,37,gaussian,mahalanobis,0.7040675193490575,nan,0.07458686913800804,6717,4,0.9735330133909748,0.9738371965259939
TON_IoT,37,adaptive_l1,gate,0.38689192931021527,nan,0.038856632425189816,6717,6,0.972012080187943,0.9738371965259939
TON_IoT,37,adaptive_l1,residual,0.37640552550884854,nan,0.03439035283608754,6717,6,0.972012080187943,0.9738371965259939
TON_IoT,37,adaptive_l1,msp,0.5297720278002023,nan,0.05523299091856484,6717,6,0.972012080187943,0.9738371965259939
TON_IoT,37,adaptive_l1,mahalanobis,0.43773139416432294,nan,0.04332291201429209,6717,6,0.972012080187943,0.9738371965259939
TON_IoT,37,adaptive_l10,gate,0.3815138978958085,nan,0.03841000446627959,6717,6,0.972012080187943,0.9738371965259939
TON_IoT,37,adaptive_l10,residual,0.36996998033316525,nan,0.033199344945660264,6717,6,0.972012080187943,0.9738371965259939
TON_IoT,37,adaptive_l10,msp,0.5283319956215344,nan,0.04853357153491142,6717,6,0.972012080187943,0.9738371965259939
TON_IoT,37,adaptive_l10,mahalanobis,0.433839762140635,nan,0.042876284055381866,6717,6,0.972012080187943,0.9738371965259939
TON_IoT,38,pgd,gate,0.5610880704632681,nan,0.048980199493821645,6717,7,0.9696141533717925,0.9717443417484962
TON_IoT,38,pgd,residual,0.5670753918677717,nan,0.048980199493821645,6717,7,0.9696141533717925,0.9717443417484962
TON_IoT,38,pgd,msp,0.570379975534868,nan,0.05746613071311597,6717,7,0.9696141533717925,0.9717443417484962
TON_IoT,38,pgd,mahalanobis,0.5832692958250072,nan,0.05002233139794551,6717,7,0.9696141533717925,0.9717443417484962
TON_IoT,38,pgd_constrained,gate,0.4754118575367853,nan,0.04972457942533869,6717,1,0.9714430534500353,0.9717443417484962
TON_IoT,38,pgd_constrained,residual,0.47581532099021306,nan,0.04972457942533869,6717,1,0.9714430534500353,0.9717443417484962
TON_IoT,38,pgd_constrained,msp,0.5500193503319699,nan,0.05344647908292392,6717,1,0.9714430534500353,0.9717443417484962
TON_IoT,38,pgd_constrained,mahalanobis,0.47623858803062336,nan,0.050320083370552326,6717,1,0.9714430534500353,0.9717443417484962
TON_IoT,38,transfer_tf,gate,0.5658884289181663,nan,0.052999851124013696,6717,2,0.9711314164764768,0.9717443417484962
TON_IoT,38,transfer_tf,residual,0.5752383151688893,nan,0.05850826261723984,6717,2,0.9711314164764768,0.9717443417484962
TON_IoT,38,transfer_tf,msp,0.5488869996244744,nan,0.0531487271103171,6717,2,0.9711314164764768,0.9717443417484962
TON_IoT,38,transfer_tf,mahalanobis,0.6319388660277698,nan,0.06252791424743188,6717,2,0.9711314164764768,0.9717443417484962
TON_IoT,38,gaussian,gate,0.5769511758354837,nan,0.05374423105553074,6717,5,0.970227361120555,0.9717443417484962
TON_IoT,38,gaussian,residual,0.5897462545454883,nan,0.057763882685722794,6717,5,0.970227361120555,0.9717443417484962
TON_IoT,38,gaussian,msp,0.5003206917739801,nan,0.05091558731576597,6717,5,0.970227361120555,0.9717443417484962
TON_IoT,38,gaussian,mahalanobis,0.7102491863075139,nan,0.07041834152151258,6717,5,0.970227361120555,0.9717443417484962
TON_IoT,38,adaptive_l1,gate,0.3886309214027216,nan,0.038856632425189816,6717,7,0.9696141533717925,0.9717443417484962
TON_IoT,38,adaptive_l1,residual,0.3786119576119458,nan,0.037814500521065955,6717,7,0.9696141533717925,0.9717443417484962
TON_IoT,38,adaptive_l1,msp,0.5247198523855919,nan,0.055381866904868245,6717,7,0.9696141533717925,0.9717443417484962
TON_IoT,38,adaptive_l1,mahalanobis,0.43402642784804113,nan,0.04079202024713414,6717,7,0.9696141533717925,0.9717443417484962
TON_IoT,38,adaptive_l10,gate,0.3827648263205474,nan,0.03826112847997618,6717,4,0.9705285976357095,0.9717443417484962
TON_IoT,38,adaptive_l10,residual,0.371933195131558,nan,0.03647461664433527,6717,4,0.9705285976357095,0.9717443417484962
TON_IoT,38,adaptive_l10,msp,0.5209920127601149,nan,0.04853357153491142,6717,4,0.9705285976357095,0.9717443417484962
TON_IoT,38,adaptive_l10,mahalanobis,0.4306078211778872,nan,0.03974988834301027,6717,4,0.9705285976357095,0.9717443417484962
TON_IoT,39,pgd,gate,0.5616542291939713,nan,0.04510942384993301,6717,8,0.9720564115779678,0.9744727494274412
TON_IoT,39,pgd,residual,0.5684364313391022,nan,0.04406729194580914,6717,8,0.9720564115779678,0.9744727494274412
TON_IoT,39,pgd,msp,0.5671201189394347,nan,0.06252791424743188,6717,8,0.9720564115779678,0.9744727494274412
TON_IoT,39,pgd,mahalanobis,0.6700494562169954,nan,0.061485782343308024,6717,8,0.9720564115779678,0.9744727494274412
TON_IoT,39,pgd_constrained,gate,0.47922270156433266,nan,0.047044811671877323,6717,4,0.9732615414098184,0.9744727494274412
TON_IoT,39,pgd_constrained,residual,0.4806781488462422,nan,0.04853357153491142,6717,4,0.9732615414098184,0.9744727494274412
TON_IoT,39,pgd_constrained,msp,0.5462004496688678,nan,0.05895489057615007,6717,4,0.9732615414098184,0.9744727494274412
TON_IoT,39,pgd_constrained,mahalanobis,0.4763813245725014,nan,0.04972457942533869,6717,4,0.9732615414098184,0.9744727494274412
TON_IoT,39,transfer_tf,gate,0.5664788129656821,nan,0.05553074289117165,6717,3,0.9735631125348563,0.9744727494274412
TON_IoT,39,transfer_tf,residual,0.5754397643038471,nan,0.05255322316510347,6717,3,0.9735631125348563,0.9744727494274412
TON_IoT,39,transfer_tf,msp,0.5369040563752601,nan,0.05761500669941939,6717,3,0.9735631125348563,0.9744727494274412
TON_IoT,39,transfer_tf,mahalanobis,0.7329564423705978,nan,0.07890427274080691,6717,3,0.9735631125348563,0.9744727494274412
TON_IoT,39,gaussian,gate,0.5784271913644214,nan,0.05374423105553074,6717,5,0.9729506495417236,0.9744727494274412
TON_IoT,39,gaussian,residual,0.5894990144640213,nan,0.051957719219889835,6717,5,0.9729506495417236,0.9744727494274412
TON_IoT,39,gaussian,msp,0.5044941730577286,nan,0.05344647908292392,6717,5,0.9729506495417236,0.9744727494274412
TON_IoT,39,gaussian,mahalanobis,0.7089416619573582,nan,0.09200535953550693,6717,5,0.9729506495417236,0.9744727494274412
TON_IoT,39,adaptive_l1,gate,0.39009735097601317,nan,0.03409260086348072,6717,8,0.9720564115779678,0.9744727494274412
TON_IoT,39,adaptive_l1,residual,0.3788701134926172,nan,0.03334822093196368,6717,8,0.9720564115779678,0.9744727494274412
TON_IoT,39,adaptive_l1,msp,0.5288291243895548,nan,0.06133690635700462,6717,8,0.9720564115779678,0.9744727494274412
TON_IoT,39,adaptive_l1,mahalanobis,0.437902943983288,nan,0.046598183712967096,6717,8,0.9720564115779678,0.9744727494274412
TON_IoT,39,adaptive_l10,gate,0.38552840746424344,nan,0.0321572130415364,6717,6,0.9726587457795158,0.9744727494274412
TON_IoT,39,adaptive_l10,residual,0.37348033512678247,nan,0.03200833705523299,6717,6,0.9726587457795158,0.9744727494274412
TON_IoT,39,adaptive_l10,msp,0.527266270076288,nan,0.055679618877475065,6717,6,0.9726587457795158,0.9744727494274412
TON_IoT,39,adaptive_l10,mahalanobis,0.4355813695921385,nan,0.04481167187732619,6717,6,0.9726587457795158,0.9744727494274412
TON_IoT,40,pgd,gate,0.5618556118367514,nan,0.047342563644484144,6717,9,0.9677852985343852,0.9705398795607161
TON_IoT,40,pgd,residual,0.5698126975191702,nan,0.047938067589697785,6717,9,0.9677852985343852,0.9705398795607161
TON_IoT,40,pgd,msp,0.560749924492591,nan,0.05433973500074438,6717,9,0.9677852985343852,0.9705398795607161
TON_IoT,40,pgd,mahalanobis,0.5875208500076322,nan,0.05389310704183415,6717,9,0.9677852985343852,0.9705398795607161
TON_IoT,40,pgd_constrained,gate,0.47552539293053836,nan,0.051957719219889835,6717,6,0.9686997204180973,0.9705398795607161
TON_IoT,40,pgd_constrained,residual,0.4764700029737519,nan,0.04853357153491142,6717,6,0.9686997204180973,0.9705398795607161
TON_IoT,40,pgd_constrained,msp,0.545727989498846,nan,0.051957719219889835,6717,6,0.9686997204180973,0.9705398795607161
TON_IoT,40,pgd_constrained,mahalanobis,0.48128295061433124,nan,0.0498734554116421,6717,6,0.9686997204180973,0.9705398795607161
TON_IoT,40,transfer_tf,gate,0.5782093075794943,nan,0.05642399880899211,6717,1,0.9702390515685624,0.9705398795607161
TON_IoT,40,transfer_tf,residual,0.5873537330005266,nan,0.05493523894595802,6717,1,0.9702390515685624,0.9705398795607161
TON_IoT,40,transfer_tf,msp,0.49022496276382627,nan,0.0515110912609796,6717,1,0.9702390515685624,0.9705398795607161
TON_IoT,40,transfer_tf,mahalanobis,0.7677682891223518,nan,0.07086496948042281,6717,1,0.9702390515685624,0.9705398795607161
TON_IoT,40,gaussian,gate,0.5799780992497267,nan,0.05448861098704779,6717,9,0.9684223558106133,0.9705398795607161
TON_IoT,40,gaussian,residual,0.5915693259969411,nan,0.052999851124013696,6717,9,0.9684223558106133,0.9705398795607161
TON_IoT,40,gaussian,msp,0.5020822247147924,nan,0.051659967247283015,6717,9,0.9684223558106133,0.9705398795607161
TON_IoT,40,gaussian,mahalanobis,0.7062292687086105,nan,0.08485931219294328,6717,9,0.9684223558106133,0.9705398795607161
TON_IoT,40,adaptive_l1,gate,0.3902240185749002,nan,0.03736787256215572,6717,9,0.9677852985343852,0.9705398795607161
TON_IoT,40,adaptive_l1,residual,0.380517080410919,nan,0.03185946106892958,6717,9,0.9677852985343852,0.9705398795607161
TON_IoT,40,adaptive_l1,msp,0.5161261816740509,nan,0.0531487271103171,6717,9,0.9677852985343852,0.9705398795607161
TON_IoT,40,adaptive_l1,mahalanobis,0.4469881470378766,nan,0.04436504391841596,6717,9,0.9677852985343852,0.9705398795607161
TON_IoT,40,adaptive_l10,gate,0.38481578862970023,nan,0.03587911269912163,6717,8,0.9680917964035024,0.9705398795607161
TON_IoT,40,adaptive_l10,residual,0.3743855596366238,nan,0.030817329164805715,6717,8,0.9680917964035024,0.9705398795607161
TON_IoT,40,adaptive_l10,msp,0.5132351461073629,nan,0.048980199493821645,6717,8,0.9680917964035024,0.9705398795607161
TON_IoT,40,adaptive_l10,mahalanobis,0.4440876695819275,nan,0.040940896233437545,6717,8,0.9680917964035024,0.9705398795607161
