dataset,attack,cls,support,recall,recall_sd,precision,f1,never_predicted_runs,n_runs
CICIoT2023,clean@0,BACKDOOR_MALWARE,27.0,0.0,0.0,0.0,0.0,10,10
CICIoT2023,clean@0,BENIGN,6000.0,0.9884999999999999,0.0027599427440831645,0.7083364129483558,0.8252717501991309,0,10
CICIoT2023,clean@0,BROWSERHIJACKING,51.0,0.043137254901960784,0.025814925043309147,0.7416666666666666,0.08128962581792769,2,10
CICIoT2023,clean@0,COMMANDINJECTION,47.0,0.0,0.0,0.0,0.0,10,10
CICIoT2023,clean@0,DDOS-ACK_FRAGMENTATION,600.0,0.9810000000000001,0.006344045521608972,0.9983073404576313,0.9895701544627696,0,10
CICIoT2023,clean@0,DDOS-HTTP_FLOOD,270.0,0.6277777777777777,0.02891367513242066,0.8135803902503334,0.7084721276420439,0,10
CICIoT2023,clean@0,DDOS-ICMP_FLOOD,600.0,0.9931666666666665,0.00372263679283354,0.9996632996632997,0.9964020894683081,0,10
CICIoT2023,clean@0,DDOS-ICMP_FRAGMENTATION,600.0,0.983,0.004893936787898942,0.9979712030904985,0.9904230831568839,0,10
CICIoT2023,clean@0,DDOS-PSHACK_FLOOD,600.0,0.992,0.00219426862868128,0.9991613492235427,0.9955665294055855,0,10
CICIoT2023,clean@0,DDOS-RSTFINFLOOD,600.0,0.9946666666666667,0.0018921540406584892,1.0,0.9973253914670128,0,10
CICIoT2023,clean@0,DDOS-SLOWLORIS,211.0,0.8739336492890996,0.02616907329017208,0.6539675142735996,0.7478000023462809,0,10
CICIoT2023,clean@0,DDOS-SYNONYMOUSIP_FLOOD,600.0,0.9068333333333334,0.007716024691318541,0.43293415367672594,0.5860556850765717,0,10
CICIoT2023,clean@0,DDOS-SYN_FLOOD,600.0,0.14833333333333334,0.021716466984102293,0.5064974391081566,0.22916208891152473,0,10
CICIoT2023,clean@0,DDOS-TCP_FLOOD,600.0,0.8456666666666667,0.040977259577345285,0.5575388270534065,0.6713313927113443,0,10
CICIoT2023,clean@0,DDOS-UDP_FLOOD,600.0,0.9513333333333334,0.016644429609843553,0.6175032814170359,0.7487355489510107,0,10
CICIoT2023,clean@0,DDOS-UDP_FRAGMENTATION,600.0,0.9789999999999999,0.005510931896727664,0.9907517606510332,0.984824261644552,0,10
CICIoT2023,clean@0,DICTIONARYBRUTEFORCE,120.0,0.21416666666666667,0.031926323362654684,0.914530274923284,0.3458878738313719,0,10
CICIoT2023,clean@0,DNS_SPOOFING,600.0,0.4101666666666667,0.07857311606332815,0.7074120345592226,0.5141656514337996,0,10
CICIoT2023,clean@0,DOS-HTTP_FLOOD,600.0,0.9213333333333333,0.008847124105508622,0.8289564916350688,0.8726345990982292,0,10
CICIoT2023,clean@0,DOS-SYN_FLOOD,600.0,0.3855,0.025987295091502674,0.6580779816232208,0.4859174815994011,0,10
CICIoT2023,clean@0,DOS-TCP_FLOOD,600.0,0.31816666666666665,0.06480002476756118,0.6841380627944258,0.42978220142040985,0,10
CICIoT2023,clean@0,DOS-UDP_FLOOD,600.0,0.397,0.036019542021066955,0.8785919999664673,0.545549163506895,0,10
CICIoT2023,clean@0,MIRAI-GREETH_FLOOD,600.0,0.8164999999999999,0.12585375110288397,0.5319619475988305,0.6399030000031638,0,10
CICIoT2023,clean@0,MIRAI-GREIP_FLOOD,600.0,0.263,0.13094339555512594,0.6329533152665947,0.34938977798520565,0,10
CICIoT2023,clean@0,MIRAI-UDPPLAIN,600.0,0.9814999999999999,0.004934759553600542,0.98745942953247,0.9844550567797385,0,10
CICIoT2023,clean@0,MITM-ARPSPOOFING,600.0,0.3465,0.024538329805217588,0.6288968270585563,0.4460344541630046,0,10
CICIoT2023,clean@0,RECON-HOSTDISCOVERY,600.0,0.5435,0.017523353024879913,0.6511431172742461,0.5922321416612765,0,10
CICIoT2023,clean@0,RECON-OSSCAN,600.0,0.003166666666666666,0.0029865955679368025,0.3485714285714286,0.006269042722986007,0,10
CICIoT2023,clean@0,RECON-PINGSWEEP,19.0,0.0,0.0,0.0,0.0,10,10
CICIoT2023,clean@0,RECON-PORTSCAN,600.0,0.256,0.02153378052511224,0.5277772873193224,0.3443314249849725,0,10
CICIoT2023,clean@0,SQLINJECTION,47.0,0.0,0.0,0.0,0.0,10,10
CICIoT2023,clean@0,UPLOADING_ATTACK,13.0,0.0,0.0,0.0,0.0,10,10
CICIoT2023,clean@0,VULNERABILITYSCAN,600.0,0.06566666666666666,0.018361930558281732,0.4314476325606148,0.11331881403403202,0,10
CICIoT2023,clean@0,XSS,41.0,0.0,0.0,0.0,0.0,10,10
CICIoT2023,pgd@0.1,BACKDOOR_MALWARE,27.0,0.0,0.0,0.0,0.0,10,10
CICIoT2023,pgd@0.1,BENIGN,6000.0,0.9823666666666666,0.003489667287547306,0.6984963638030995,0.8164424566716022,0,10
CICIoT2023,pgd@0.1,BROWSERHIJACKING,51.0,0.025490196078431372,0.022735329582909913,0.5666666666666667,0.04870719776380154,4,10
CICIoT2023,pgd@0.1,COMMANDINJECTION,47.0,0.0,0.0,0.0,0.0,10,10
CICIoT2023,pgd@0.1,DDOS-ACK_FRAGMENTATION,600.0,0.9793333333333333,0.006813204318558166,0.9967862067585258,0.9879742771488254,0,10
CICIoT2023,pgd@0.1,DDOS-HTTP_FLOOD,270.0,0.5896296296296295,0.028033119959476473,0.7248420467798795,0.6498947467665938,0,10
CICIoT2023,pgd@0.1,DDOS-ICMP_FLOOD,600.0,0.993,0.0036683497820487,0.999496910312218,0.996235003927478,0,10
CICIoT2023,pgd@0.1,DDOS-ICMP_FRAGMENTATION,600.0,0.9828333333333333,0.005214533346781015,0.9976350398490915,0.9901714578704542,0,10
CICIoT2023,pgd@0.1,DDOS-PSHACK_FLOOD,600.0,0.9906666666666666,0.002854496128592268,0.9976521120915794,0.9941449097951311,0,10
CICIoT2023,pgd@0.1,DDOS-RSTFINFLOOD,600.0,0.9946666666666667,0.0018921540406584892,1.0,0.9973253914670128,0,10
CICIoT2023,pgd@0.1,DDOS-SLOWLORIS,211.0,0.7862559241706161,0.027403585120702043,0.6182311709441553,0.6917783118504227,0,10
CICIoT2023,pgd@0.1,DDOS-SYNONYMOUSIP_FLOOD,600.0,0.8973333333333334,0.008964952335086351,0.42200612772401963,0.5740217492732943,0,10
CICIoT2023,pgd@0.1,DDOS-SYN_FLOOD,600.0,0.12916666666666668,0.020019280829696944,0.45435109584340283,0.20080850712516013,0,10
CICIoT2023,pgd@0.1,DDOS-TCP_FLOOD,600.0,0.7061666666666667,0.07757533176703424,0.47776107178242155,0.5690689093165744,0,10
CICIoT2023,pgd@0.1,DDOS-UDP_FLOOD,600.0,0.9196666666666667,0.03566649359598022,0.599544820043532,0.725649526269931,0,10
CICIoT2023,pgd@0.1,DDOS-UDP_FRAGMENTATION,600.0,0.9763333333333334,0.006275564998419084,0.9885435927006189,0.9823842684806884,0,10
CICIoT2023,pgd@0.1,DICTIONARYBRUTEFORCE,120.0,0.21166666666666667,0.030981874430219308,0.8932006343593155,0.3409845357777405,0,10
CICIoT2023,pgd@0.1,DNS_SPOOFING,600.0,0.346,0.08777144843566059,0.6522995742464895,0.44621669501179684,0,10
CICIoT2023,pgd@0.1,DOS-HTTP_FLOOD,600.0,0.8973333333333333,0.012277652085832248,0.8036588497663419,0.8478183540257763,0,10
CICIoT2023,pgd@0.1,DOS-SYN_FLOOD,600.0,0.3516666666666667,0.024695678634325396,0.6256488490652782,0.45000450058986463,0,10
CICIoT2023,pgd@0.1,DOS-TCP_FLOOD,600.0,0.21933333333333332,0.04683962657071415,0.43468712224072303,0.2879762002091496,0,10
CICIoT2023,pgd@0.1,DOS-UDP_FLOOD,600.0,0.3706666666666666,0.037623869492059904,0.812340714283,0.5073002564947622,0,10
CICIoT2023,pgd@0.1,MIRAI-GREETH_FLOOD,600.0,0.5526666666666668,0.1751546054275169,0.38080530726309225,0.44830497436095007,0,10
CICIoT2023,pgd@0.1,MIRAI-GREIP_FLOOD,600.0,0.12083333333333335,0.07328807525995373,0.20745579561910593,0.14696944199915743,0,10
CICIoT2023,pgd@0.1,MIRAI-UDPPLAIN,600.0,0.9788333333333334,0.00458459578572837,0.9854377111811224,0.9821092761656051,0,10
CICIoT2023,pgd@0.1,MITM-ARPSPOOFING,600.0,0.28783333333333333,0.0254472341993204,0.5495190889226053,0.3771445766063489,0,10
CICIoT2023,pgd@0.1,RECON-HOSTDISCOVERY,600.0,0.513,0.017370330885211376,0.6061919220048119,0.555439891412864,0,10
CICIoT2023,pgd@0.1,RECON-OSSCAN,600.0,0.0001666666666666667,0.0005270462766947299,0.014285714285714285,0.00032948929159802305,0,10
CICIoT2023,pgd@0.1,RECON-PINGSWEEP,19.0,0.0,0.0,0.0,0.0,9,10
CICIoT2023,pgd@0.1,RECON-PORTSCAN,600.0,0.22383333333333333,0.018476712069220778,0.4926570668581515,0.30731006243140174,0,10
CICIoT2023,pgd@0.1,SQLINJECTION,47.0,0.0,0.0,0.0,0.0,10,10
CICIoT2023,pgd@0.1,UPLOADING_ATTACK,13.0,0.0,0.0,0.0,0.0,10,10
CICIoT2023,pgd@0.1,VULNERABILITYSCAN,600.0,0.02683333333333333,0.01443268752297376,0.17540913177781275,0.046131286353867366,0,10
CICIoT2023,pgd@0.1,XSS,41.0,0.0,0.0,0.0,0.0,10,10
CICIoMT2024,clean@0,ARP_Spoofing,600.0,0.6866666666666665,0.027239223715847246,0.5740515758516007,0.6247635934095517,0,10
CICIoMT2024,clean@0,Benign,3845.0,0.9985175552665801,0.0005489775534976022,0.9862324019243177,0.9923366809146927,0,10
CICIoMT2024,clean@0,MQTT-DDoS-Connect_Flood,600.0,0.9454999999999998,0.008427248573438326,0.8497092325527478,0.8950103411610378,0,10
CICIoMT2024,clean@0,MQTT-DDoS-Publish_Flood,600.0,0.9636666666666667,0.008043093809268388,0.99162019475766,0.9774202121049148,0,10
CICIoMT2024,clean@0,MQTT-DoS-Connect_Flood,600.0,0.8306666666666667,0.01199794221039387,0.9376505711044245,0.8808498610779324,0,10
CICIoMT2024,clean@0,MQTT-DoS-Publish_Flood,600.0,0.9976666666666667,0.0022498285257018455,0.9734002284619983,0.9853638759092949,0,10
CICIoMT2024,clean@0,MQTT-Malformed_Data,600.0,0.9143333333333334,0.03432955750542845,0.6816079125008281,0.7807152750165394,0,10
CICIoMT2024,clean@0,Recon-OS_Scan,600.0,0.3223333333333333,0.022678646071895934,0.6641429235339633,0.43316113678567225,0,10
CICIoMT2024,clean@0,Recon-Ping_Sweep,143.0,0.7727272727272727,0.027825958942455306,0.827822027118631,0.7984663092982978,0,10
CICIoMT2024,clean@0,Recon-Port_Scan,600.0,0.7971666666666667,0.017410263753045708,0.5812141119651028,0.672138945904836,0,10
CICIoMT2024,clean@0,Recon-VulScan,355.0,0.28647887323943666,0.051413059582884744,0.7772277096111304,0.4160222519026061,0,10
CICIoMT2024,clean@0,TCP_IP-DDoS-ICMP,600.0,0.7206666666666667,0.019644997478389402,0.7289076978666397,0.7244901846252019,0,10
CICIoMT2024,clean@0,TCP_IP-DDoS-SYN,600.0,0.8141666666666666,0.049048036418833436,0.7893023704358493,0.7995534342656085,0,10
CICIoMT2024,clean@0,TCP_IP-DDoS-TCP,600.0,0.7598333333333332,0.020191215545013266,0.8714067079361006,0.8109066087663918,0,10
CICIoMT2024,clean@0,TCP_IP-DDoS-UDP,600.0,0.9048333333333334,0.015060577268296231,0.8750344598658385,0.8893119216719791,0,10
CICIoMT2024,clean@0,TCP_IP-DoS-ICMP,600.0,0.7141666666666667,0.0298891986766267,0.7221699345080208,0.7178928315854941,0,10
CICIoMT2024,clean@0,TCP_IP-DoS-SYN,600.0,0.7748333333333334,0.06316962271984772,0.7957596700240223,0.7825714817646413,0,10
CICIoMT2024,clean@0,TCP_IP-DoS-TCP,600.0,0.8713333333333333,0.04560837046848004,0.8088697117487262,0.838255444967794,0,10
CICIoMT2024,clean@0,TCP_IP-DoS-UDP,600.0,0.8486666666666667,0.03392802839999856,0.9113887511693705,0.8784034849416035,0,10
CICIoMT2024,pgd@0.1,ARP_Spoofing,600.0,0.6198333333333333,0.05411721389268091,0.5197444875939936,0.5648112107605987,0,10
CICIoMT2024,pgd@0.1,Benign,3845.0,0.9980234070221066,0.0006737532458682366,0.9853898880275646,0.9916662226620614,0,10
CICIoMT2024,pgd@0.1,MQTT-DDoS-Connect_Flood,600.0,0.9071666666666666,0.009164141066214644,0.8111074367676091,0.8564175728317375,0,10
CICIoMT2024,pgd@0.1,MQTT-DDoS-Publish_Flood,600.0,0.9361666666666666,0.014338285105028636,0.9865359264689444,0.960619016673002,0,10
CICIoMT2024,pgd@0.1,MQTT-DoS-Connect_Flood,600.0,0.7865,0.00960484702739994,0.8927223925161026,0.8361748252316404,0,10
CICIoMT2024,pgd@0.1,MQTT-DoS-Publish_Flood,600.0,0.9943333333333332,0.0041722185234485945,0.9523952215607994,0.9728750303829174,0,10
CICIoMT2024,pgd@0.1,MQTT-Malformed_Data,600.0,0.8536666666666667,0.024289915602982222,0.6285207150890414,0.7234761798469895,0,10
CICIoMT2024,pgd@0.1,Recon-OS_Scan,600.0,0.24083333333333332,0.015816267606096397,0.537197552291195,0.33175443774548957,0,10
CICIoMT2024,pgd@0.1,Recon-Ping_Sweep,143.0,0.7692307692307692,0.028357867274117585,0.8242177715777455,0.7948664227999597,0,10
CICIoMT2024,pgd@0.1,Recon-Port_Scan,600.0,0.7609999999999999,0.027230157573570547,0.5491126703497737,0.6377629562559756,0,10
CICIoMT2024,pgd@0.1,Recon-VulScan,355.0,0.24732394366197186,0.035477553355364004,0.6383988715463373,0.3551393654631626,0,10
CICIoMT2024,pgd@0.1,TCP_IP-DDoS-ICMP,600.0,0.5651666666666666,0.021708648785651437,0.5455308189785795,0.5548443160477686,0,10
CICIoMT2024,pgd@0.1,TCP_IP-DDoS-SYN,600.0,0.6410000000000001,0.07367848070175251,0.5986656909802195,0.6174739352778446,0,10
CICIoMT2024,pgd@0.1,TCP_IP-DDoS-TCP,600.0,0.5678333333333333,0.02248524893687163,0.5742880176651397,0.5707227271064954,0,10
CICIoMT2024,pgd@0.1,TCP_IP-DDoS-UDP,600.0,0.7503333333333334,0.027886454076982495,0.6582083309621655,0.7010336467856598,0,10
CICIoMT2024,pgd@0.1,TCP_IP-DoS-ICMP,600.0,0.5090000000000001,0.047779069749973584,0.5409271687801913,0.5241294726624783,0,10
CICIoMT2024,pgd@0.1,TCP_IP-DoS-SYN,600.0,0.5678333333333334,0.04600087224079105,0.604624195269095,0.5833754344012692,0,10
CICIoMT2024,pgd@0.1,TCP_IP-DoS-TCP,600.0,0.5626666666666666,0.03147799544969253,0.5857208712353787,0.5735806120484328,0,10
CICIoMT2024,pgd@0.1,TCP_IP-DoS-UDP,600.0,0.5878333333333334,0.025142188242665564,0.7118479268166052,0.6434662727210956,0,10
TON_IoT,clean@0,backdoor,38.0,0.3,0.08247480191960112,0.9349999999999999,0.44898669712001205,0,10
TON_IoT,clean@0,ddos,600.0,0.7863333333333334,0.03610512770942073,0.8829474706212895,0.8313240601726063,0,10
TON_IoT,clean@0,dos,600.0,0.8936666666666667,0.011105554165971782,0.8599433037762804,0.8763220027546865,0,10
TON_IoT,clean@0,injection,600.0,0.9358333333333334,0.009468922527255159,0.777058874696668,0.8414354988071772,0,10
TON_IoT,clean@0,mitm,164.0,0.8560975609756097,0.04663294438926825,0.5653087855490757,0.6798106979590129,0,10
TON_IoT,clean@0,normal,2872.0,0.9842270194986071,0.0022746598570085653,0.9789693059147628,0.9815823725025238,0,10
TON_IoT,clean@0,password,531.0,0.6670433145009416,0.2835007229110782,0.9919852059667317,0.7615240444108707,0,10
TON_IoT,clean@0,ransomware,112.0,0.9151785714285714,0.03373745252605545,0.970125536994469,0.9414181146083138,0,10
TON_IoT,clean@0,scanning,600.0,0.8931666666666667,0.015081056713802849,0.9152549543612685,0.904000275789506,0,10
TON_IoT,clean@0,xss,600.0,0.9129999999999999,0.01596291999650486,0.8993925529723186,0.9059037798241469,0,10
TON_IoT,pgd@0.1,backdoor,38.0,0.29473684210526313,0.07627040392731282,0.922160633484163,0.4415634449908776,0,10
TON_IoT,pgd@0.1,ddos,600.0,0.6545,0.05220478432263503,0.8141753371271732,0.7243948413287521,0,10
TON_IoT,pgd@0.1,dos,600.0,0.8885,0.012283935107627169,0.8454528120302125,0.8663350557961225,0,10
TON_IoT,pgd@0.1,injection,600.0,0.7638333333333333,0.14008606261249407,0.5032302039765311,0.6033036138142069,0,10
TON_IoT,pgd@0.1,mitm,164.0,0.8036585365853659,0.1164689125960036,0.5511263821650416,0.6511107656282327,0,10
TON_IoT,pgd@0.1,normal,2872.0,0.9833913649025069,0.0024348375678338637,0.9769073101273703,0.9801161142939245,0,10
TON_IoT,pgd@0.1,password,531.0,0.30470809792843695,0.055871544709784476,0.7027053656377279,0.40945573105944577,0,10
TON_IoT,pgd@0.1,ransomware,112.0,0.9116071428571428,0.03775189397720614,0.9700406157779359,0.9393928696245541,0,10
TON_IoT,pgd@0.1,scanning,600.0,0.8831666666666667,0.012508022117183465,0.9132926716470882,0.8979106658818298,0,10
TON_IoT,pgd@0.1,xss,600.0,0.8853333333333333,0.01791268258890509,0.8753621624523994,0.8799432752847572,0,10
