a,b,method,attack,scope,metric,n,mean_diff,ci_lo,ci_hi,d_z,wins,losses,p
aam_trans,transformer,trades,clean,pooled,mcc,30,0.03054718379555527,0.02307575402762973,0.039067676465620475,1.3223884487091113,30,0,4.9999750001249995e-06
aam_trans,transformer,trades,clean,CICIoT2023,mcc,10,0.018057985358603635,0.016670246176405043,0.01946399592946053,7.530974236073792,10,0,0.001953125
aam_trans,transformer,trades,clean,CICIoMT2024,mcc,10,0.023934824941905,0.019018400985984833,0.02806746898315406,3.1310463286010655,10,0,0.001953125
aam_trans,transformer,trades,clean,TON_IoT,mcc,10,0.049648741086157175,0.030451453030734786,0.06781779616810726,1.548560214367901,10,0,0.001953125
aam_trans,transformer,trades,pgd,pooled,mcc,30,0.02498320189949552,0.020893814267079286,0.028944838812248783,2.1646281707436477,29,1,4.9999750001249995e-06
aam_trans,transformer,trades,pgd,CICIoT2023,mcc,10,0.033225878911492576,0.027965742415305802,0.03935503377215638,3.3663107564066426,10,0,0.001953125
aam_trans,transformer,trades,pgd,CICIoMT2024,mcc,10,0.025668667124608923,0.02244721216683121,0.02923362757122149,4.502196891646081,10,0,0.001953125
aam_trans,transformer,trades,pgd,TON_IoT,mcc,10,0.016055059662385053,0.009167183446648675,0.022835025160771925,1.3832406567434818,9,1,0.005859375
aam_trans,transformer,trades,square,pooled,mcc,30,0.021994921344330603,0.017000829835934338,0.02687146594492075,1.5436445592045194,28,2,4.9999750001249995e-06
aam_trans,transformer,trades,square,CICIoT2023,mcc,10,0.03226121117889792,0.026797604635800283,0.039539238927850655,2.9574074962723076,10,0,0.001953125
aam_trans,transformer,trades,square,CICIoMT2024,mcc,10,0.0211835955604353,0.01495070059471556,0.027827306541236083,1.936928148109093,10,0,0.001953125
aam_trans,transformer,trades,square,TON_IoT,mcc,10,0.012539957293658588,0.004170862459689952,0.020595064310526406,0.8902424846340589,8,2,0.021484375
aam_trans,transformer,trades,transfer_tf,pooled,mcc,30,0.021393237838521605,0.01787204399591035,0.025150797165145667,2.0590859817655724,30,0,4.9999750001249995e-06
aam_trans,transformer,trades,transfer_tf,CICIoT2023,mcc,10,0.029303623705697147,0.024711515690858193,0.034874597054714636,3.302743461562549,10,0,0.001953125
aam_trans,transformer,trades,transfer_tf,CICIoMT2024,mcc,10,0.016197136939736755,0.013228617143493776,0.01916590614299992,3.215396964344985,10,0,0.001953125
aam_trans,transformer,trades,transfer_tf,TON_IoT,mcc,10,0.018678952870130917,0.012409199743562822,0.026076083911987135,1.6016170515865416,10,0,0.001953125
aam_trans,transformer,trades,pgd_constrained,pooled,mcc,30,0.020441257737975498,0.0179080685811923,0.023193346529886773,2.678130479979808,30,0,4.9999750001249995e-06
aam_trans,transformer,trades,pgd_constrained,CICIoT2023,mcc,10,0.025212809886640743,0.020753402299035845,0.03074320583891676,2.932991097155897,10,0,0.001953125
aam_trans,transformer,trades,pgd_constrained,CICIoMT2024,mcc,10,0.018685314816165942,0.016303760071555488,0.021504218790665847,4.191138140336015,10,0,0.001953125
aam_trans,transformer,trades,pgd_constrained,TON_IoT,mcc,10,0.017425648511119808,0.01328896352122363,0.021970457668614437,2.347147115661708,10,0,0.001953125
