a,b,method,attack,scope,metric,n,mean_diff,ci_lo,ci_hi,d_z,wins,losses,p,p_holm
aam_trans,aam_noGate,trades,clean,pooled,mcc,30,-0.0001004212498010378,-0.0006429643417862305,0.0004055714144572949,-0.06797915300952502,17,13,0.7171664141679291,1.0
aam_trans,aam_noGate,trades,clean,CICIoT2023,mcc,10,-0.0004325928806126922,-0.0015800344547322075,0.0005047114537826636,-0.24504525881492992,5,5,0.521484375,
aam_trans,aam_noGate,trades,clean,CICIoMT2024,mcc,10,-2.0723487609319856e-05,-0.0004491938374399773,0.0004140520890067445,-0.028203956398866015,5,5,0.904296875,
aam_trans,aam_noGate,trades,clean,TON_IoT,mcc,10,0.00015205261881889864,-0.000880257705498488,0.0012114042353255827,0.08533730219915328,7,3,0.78515625,
aam_trans,aam_noGate,trades,pgd,pooled,mcc,30,-0.0002568648429107127,-0.0009022144632018051,0.0004177308032805381,-0.13767427505799373,13,17,0.4593077034614827,1.0
aam_trans,aam_noGate,trades,pgd,CICIoT2023,mcc,10,-0.0008400383710165049,-0.0021296344199205675,0.000565565335755196,-0.3665999223176561,3,7,0.275390625,
aam_trans,aam_noGate,trades,pgd,CICIoMT2024,mcc,10,-0.0002680419926471056,-0.000718313564932253,0.0002168148974228203,-0.3370383595985839,4,6,0.318359375,
aam_trans,aam_noGate,trades,pgd,TON_IoT,mcc,10,0.00033748583493147243,-0.0008180512991546982,0.0016744683115310888,0.15799214112693372,6,4,0.60546875,
aam_trans,aam_noGate,trades,square,pooled,mcc,30,-0.0004855937235113313,-0.0019346420701253247,0.0009310759591262494,-0.11729883941904289,12,15,0.5300323498382508,1.0
aam_trans,aam_noGate,trades,square,CICIoT2023,mcc,10,-0.0017201798132042035,-0.005579602669882556,0.0023012274223858467,-0.25846937298223416,4,6,0.423828125,
aam_trans,aam_noGate,trades,square,CICIoMT2024,mcc,10,0.0002593467926758963,-0.0007450648662045478,0.0015135586382764067,0.13367374567159412,4,4,0.703125,
aam_trans,aam_noGate,trades,square,TON_IoT,mcc,10,4.0518499943131834e-06,-0.0012150752251667979,0.001322511837052277,0.0018914247058337088,4,5,0.92578125,
aam_trans,aam_noGate,trades,transfer_tf,pooled,mcc,30,-0.00023984673532365664,-0.0009397648263560183,0.0004422468145918781,-0.11965040640087593,14,15,0.5177324113379433,1.0
aam_trans,aam_noGate,trades,transfer_tf,CICIoT2023,mcc,10,-0.0008617316754138793,-0.0024935501359519053,0.0007982857531158536,-0.3095917128604102,4,6,0.35546875,
aam_trans,aam_noGate,trades,transfer_tf,CICIoMT2024,mcc,10,-0.00016234333833002877,-0.0006718851072064136,0.0003754766124775845,-0.1800632035581419,4,6,0.5703125,
aam_trans,aam_noGate,trades,transfer_tf,TON_IoT,mcc,10,0.0003045348077729382,-0.0007874814847749587,0.0014582305050861591,0.16002319463259998,6,3,0.61328125,
aam_trans,aam_noGate,trades,pgd_constrained,pooled,mcc,30,-0.00025842985674272935,-0.0008320042280597475,0.0003382413264493415,-0.15389609959822928,13,17,0.40375798121009393,1.0
aam_trans,aam_noGate,trades,pgd_constrained,CICIoT2023,mcc,10,-0.0007910011452099241,-0.0020141401772341993,0.0006295913890315823,-0.35322841337962535,3,7,0.28515625,
aam_trans,aam_noGate,trades,pgd_constrained,CICIoMT2024,mcc,10,-0.0001963931814421449,-0.0006826794144006329,0.00031032889720447544,-0.2309532360083038,5,5,0.49609375,
aam_trans,aam_noGate,trades,pgd_constrained,TON_IoT,mcc,10,0.00021210475642388093,-0.0007598304618616325,0.0012098718408503314,0.12714211028908737,5,5,0.69140625,
aam_trans,aam_noTok,trades,clean,pooled,mcc,30,0.013546529242532624,0.009514741546353081,0.017541546242462076,1.1899839870146347,28,2,4.9999750001249995e-06,0.000124999375003125
aam_trans,aam_noTok,trades,clean,CICIoT2023,mcc,10,0.0241579152203396,0.022851714818341546,0.02557142825831702,10.418343619962823,10,0,0.001953125,
aam_trans,aam_noTok,trades,clean,CICIoMT2024,mcc,10,0.00041710105545551547,-1.5082110498935154e-05,0.0008128020073119887,0.5910483175311037,8,2,0.1015625,
aam_trans,aam_noTok,trades,clean,TON_IoT,mcc,10,0.016064571451802755,0.010301203855951704,0.021478085240833375,1.7124695975818753,10,0,0.001953125,
aam_trans,aam_noTok,trades,pgd,pooled,mcc,30,0.02202797303484087,0.015616468905960855,0.02842687904880048,1.2167159638446656,29,1,4.9999750001249995e-06,0.000124999375003125
aam_trans,aam_noTok,trades,pgd,CICIoT2023,mcc,10,0.042233038126354074,0.039186740963179645,0.045078244940103485,8.347345449728943,10,0,0.001953125,
aam_trans,aam_noTok,trades,pgd,CICIoMT2024,mcc,10,0.0010714891932800841,0.0005871776959949379,0.0015977710019999718,1.2435206096110278,9,1,0.005859375,
aam_trans,aam_noTok,trades,pgd,TON_IoT,mcc,10,0.02277939178488845,0.016699977188755544,0.02773752345578112,2.4337335763883865,10,0,0.001953125,
aam_trans,aam_noTok,trades,square,pooled,mcc,30,0.020819391243110424,0.014130221813102369,0.027806422372829487,1.0762712761672288,27,1,4.9999750001249995e-06,0.000124999375003125
aam_trans,aam_noTok,trades,square,CICIoT2023,mcc,10,0.04137849617643742,0.0324848812284102,0.04956613637681532,2.7983266283305297,10,0,0.001953125,
aam_trans,aam_noTok,trades,square,CICIoMT2024,mcc,10,0.0015002295245586162,0.00038064650990715903,0.0026322706636447203,0.7787508698547966,7,1,0.0390625,
aam_trans,aam_noTok,trades,square,TON_IoT,mcc,10,0.019579448028335233,0.013534373781814546,0.025124110630772405,1.9847982356929572,10,0,0.001953125,
aam_trans,aam_noTok,trades,transfer_tf,pooled,mcc,30,0.01834435940153253,0.012943266763252286,0.023691289830727467,1.219754597276407,28,2,4.9999750001249995e-06,0.000124999375003125
aam_trans,aam_noTok,trades,transfer_tf,CICIoT2023,mcc,10,0.033932338087289335,0.03052325704838769,0.0371565144619246,5.932588444237508,10,0,0.001953125,
aam_trans,aam_noTok,trades,transfer_tf,CICIoMT2024,mcc,10,0.0007342150000290704,0.00026600038454655943,0.0012378589784827305,0.8880831075182982,8,2,0.01953125,
aam_trans,aam_noTok,trades,transfer_tf,TON_IoT,mcc,10,0.02036652511727919,0.01483155765309643,0.025040380621620797,2.3314084578418774,10,0,0.001953125,
aam_trans,aam_noTok,trades,pgd_constrained,pooled,mcc,30,0.020482529853520986,0.013978367043524962,0.027023421647857083,1.1088152245467253,29,1,4.9999750001249995e-06,0.000124999375003125
aam_trans,aam_noTok,trades,pgd_constrained,CICIoT2023,mcc,10,0.04244552534978678,0.03947711145427772,0.04529862494599078,8.481823742291114,10,0,0.001953125,
aam_trans,aam_noTok,trades,pgd_constrained,CICIoMT2024,mcc,10,0.0008236187976323972,0.0003889710402908109,0.0012764723823528556,1.0795032866064727,9,1,0.0078125,
aam_trans,aam_noTok,trades,pgd_constrained,TON_IoT,mcc,10,0.018178445413143774,0.011856343947633331,0.02397124986172855,1.7945334270470663,10,0,0.001953125,
aam_trans,aam_noPE,trades,clean,pooled,mcc,30,0.017967776165567908,0.013344798852332501,0.02246757509685516,1.399532763668434,27,3,4.9999750001249995e-06,0.000124999375003125
aam_trans,aam_noPE,trades,clean,CICIoT2023,mcc,10,0.0277917716610512,0.025660779637261856,0.02990261788494718,7.682912012557552,10,0,0.001953125,
aam_trans,aam_noPE,trades,clean,CICIoMT2024,mcc,10,0.0013577817330615249,3.129129179503532e-05,0.0034820878865343577,0.4292071929013955,7,3,0.109375,
aam_trans,aam_noPE,trades,clean,TON_IoT,mcc,10,0.024753775102591004,0.02135029144578534,0.028959328146978335,3.772194635620366,10,0,0.001953125,
aam_trans,aam_noPE,trades,pgd,pooled,mcc,30,0.0218063924374728,0.015941767839880168,0.027564536950609234,1.3428134290230123,25,5,4.9999750001249995e-06,0.000124999375003125
aam_trans,aam_noPE,trades,pgd,CICIoT2023,mcc,10,0.03662661990558985,0.03365527179082902,0.039873242842187254,6.952626740604806,10,0,0.001953125,
aam_trans,aam_noPE,trades,pgd,CICIoMT2024,mcc,10,0.0014362201738363002,-0.00031531138874680095,0.0036490705339940373,0.4231561550979363,5,5,0.28125,
aam_trans,aam_noPE,trades,pgd,TON_IoT,mcc,10,0.027356337232992245,0.022824326436880323,0.03256858332146125,3.2428841954244874,10,0,0.001953125,
aam_trans,aam_noPE,trades,square,pooled,mcc,30,0.021070675699564525,0.015038563606653175,0.02722364987692508,1.2223577740950995,24,6,9.999950000249999e-06,0.00015999920000399999
aam_trans,aam_noPE,trades,square,CICIoT2023,mcc,10,0.03553770488336735,0.027578585375151187,0.043451181893837565,2.617448818742404,10,0,0.001953125,
aam_trans,aam_noPE,trades,square,CICIoMT2024,mcc,10,0.0017775425650172205,-0.000251239446924153,0.003980623100383697,0.48923494766463643,4,6,0.16015625,
aam_trans,aam_noPE,trades,square,TON_IoT,mcc,10,0.02589677965030901,0.02093164712285385,0.03180688691354317,2.7622603273329602,10,0,0.001953125,
aam_trans,aam_noPE,trades,transfer_tf,pooled,mcc,30,0.02086639613790154,0.015292136844338071,0.02637560725995013,1.3382307766451735,25,5,4.9999750001249995e-06,0.000124999375003125
aam_trans,aam_noPE,trades,transfer_tf,CICIoT2023,mcc,10,0.03426174593788618,0.030778245951254543,0.03745215626830336,6.033260376076178,10,0,0.001953125,
aam_trans,aam_noPE,trades,transfer_tf,CICIoMT2024,mcc,10,0.0011089507152814092,-0.00023411301198690557,0.003164668786201038,0.3628786599115586,5,5,0.32421875,
aam_trans,aam_noPE,trades,transfer_tf,TON_IoT,mcc,10,0.027228491760537033,0.022917359220071508,0.03218189621603575,3.410367095330495,10,0,0.001953125,
aam_trans,aam_noPE,trades,pgd_constrained,pooled,mcc,30,0.022877579911234132,0.016660697318446802,0.02893967520855083,1.3256299475409505,25,5,4.9999750001249995e-06,0.000124999375003125
aam_trans,aam_noPE,trades,pgd_constrained,CICIoT2023,mcc,10,0.04022093275341847,0.03723176668800355,0.043500178163447124,7.621251797002982,10,0,0.001953125,
aam_trans,aam_noPE,trades,pgd_constrained,CICIoMT2024,mcc,10,0.001453515916488579,-0.0001527613467608324,0.0035761850092724734,0.45241214691500875,5,5,0.2265625,
aam_trans,aam_noPE,trades,pgd_constrained,TON_IoT,mcc,10,0.026958291063795346,0.022797430693519475,0.0316853254308384,3.5153007475696096,10,0,0.001953125,
aam_trans,aam_noAux,trades,clean,pooled,mcc,30,0.0012038086090754112,0.0005152284890840298,0.0019477234127251845,0.5857694879645331,22,8,0.0014649926750366247,0.02197489012554937
aam_trans,aam_noAux,trades,clean,CICIoT2023,mcc,10,0.0021985700776192664,0.0013497319706183976,0.0029702730846907226,1.6049793416345421,9,1,0.00390625,
aam_trans,aam_noAux,trades,clean,CICIoMT2024,mcc,10,0.0010251447466839148,-4.052145360537717e-05,0.002728715822539019,0.39700130464466266,6,4,0.177734375,
aam_trans,aam_noAux,trades,clean,TON_IoT,mcc,10,0.00038771100292305237,-0.0007670569098706559,0.0013262008827443455,0.21709718812327025,7,3,0.533203125,
aam_trans,aam_noAux,trades,pgd,pooled,mcc,30,0.0008062539729654576,-0.00016107948510140946,0.0018742717107085515,0.2760836095805058,21,9,0.14709926450367747,1.0
aam_trans,aam_noAux,trades,pgd,CICIoT2023,mcc,10,0.0002784830477183697,-0.0010966814679189214,0.0014344830869781387,0.12816035022503866,8,2,0.67578125,
aam_trans,aam_noAux,trades,pgd,CICIoMT2024,mcc,10,0.0008987902966007044,-0.00022531023095146487,0.002656145939664444,0.33742589213606733,5,5,0.427734375,
aam_trans,aam_noAux,trades,pgd,TON_IoT,mcc,10,0.0012414885745772985,-0.0008007409275890897,0.0037739843273468542,0.31913014715032917,8,2,0.30859375,
aam_trans,aam_noAux,trades,square,pooled,mcc,30,0.0007007442431131606,-0.0006764830115825167,0.0021292183385036687,0.1744996150366674,14,12,0.35143824280878594,1.0
aam_trans,aam_noAux,trades,square,CICIoT2023,mcc,10,-0.00018915743539820172,-0.0029717754357811254,0.0024140192393074847,-0.0411875784274663,5,4,0.91015625,
aam_trans,aam_noAux,trades,square,CICIoMT2024,mcc,10,0.0019819124493892113,0.00024347455573318078,0.004340236102410249,0.5485495666490933,6,1,0.09375,
aam_trans,aam_noAux,trades,square,TON_IoT,mcc,10,0.0003094777153484718,-0.0015313953040907938,0.0029711252076941455,0.08006027299870325,3,7,0.919921875,
aam_trans,aam_noAux,trades,transfer_tf,pooled,mcc,30,0.0016163724646144943,0.0007112917315785217,0.0025401522757915705,0.6192068527797348,22,8,0.001534992325038375,0.02197489012554937
aam_trans,aam_noAux,trades,transfer_tf,CICIoT2023,mcc,10,0.0031517803243181763,0.0021276347607065075,0.00394469011520802,2.003378422499517,9,1,0.00390625,
aam_trans,aam_noAux,trades,transfer_tf,CICIoMT2024,mcc,10,0.0007909459587137513,-0.00034615100500938966,0.0025691723065817415,0.29508279246571817,6,4,0.564453125,
aam_trans,aam_noAux,trades,transfer_tf,TON_IoT,mcc,10,0.0009063911108115552,-0.0007356831415648263,0.0027099327070762196,0.3134736348132972,7,3,0.36328125,
aam_trans,aam_noAux,trades,pgd_constrained,pooled,mcc,30,0.0009139292654609776,0.0001057698957874323,0.0017545305991728641,0.3846356868394051,21,9,0.04063479682601587,0.5282523587382063
aam_trans,aam_noAux,trades,pgd_constrained,CICIoT2023,mcc,10,0.0009887686508984084,-0.00027080337072028505,0.0020764460707350507,0.4874879337173043,8,2,0.162109375,
aam_trans,aam_noAux,trades,pgd_constrained,CICIoMT2024,mcc,10,0.0009696273684402179,-9.594211564568827e-05,0.0026546681354992136,0.38132583197826414,6,4,0.23046875,
aam_trans,aam_noAux,trades,pgd_constrained,TON_IoT,mcc,10,0.0007833917770443066,-0.0008059018189821845,0.0024372175973525734,0.2844705341252837,7,3,0.349609375,
transformer,vanilla_gate,trades,clean,pooled,mcc,30,-0.0003751924631394769,-0.001439098771510155,0.0006562625527321384,-0.1251233310996688,14,14,0.5031774841125795,1.0
transformer,vanilla_gate,trades,clean,CICIoT2023,mcc,10,0.0004536735203215958,-0.0015605661985872332,0.0026805157824120233,0.12624739779741453,5,5,0.71484375,
transformer,vanilla_gate,trades,clean,CICIoMT2024,mcc,10,-0.00114583505259499,-0.003018660263330319,0.0003209511580410795,-0.3934639612588934,4,5,0.421875,
transformer,vanilla_gate,trades,clean,TON_IoT,mcc,10,-0.0004334158571450364,-0.00203830249496167,0.0009136878398512072,-0.17475046436503247,5,4,0.65234375,
transformer,vanilla_gate,trades,pgd,pooled,mcc,30,0.00017933187883149016,-0.0015496413835061412,0.002018700110891349,0.035903138047918906,14,16,0.8511457442712786,1.0
transformer,vanilla_gate,trades,pgd,CICIoT2023,mcc,10,0.0014584377465702181,-0.003077861423690007,0.0063980028096899035,0.18074864836453,4,6,0.5859375,
transformer,vanilla_gate,trades,pgd,CICIoMT2024,mcc,10,-0.0010219978580613188,-0.002738241629269693,0.0003772780435585851,-0.3817028472374448,5,5,0.3828125,
transformer,vanilla_gate,trades,pgd,TON_IoT,mcc,10,0.0001015557479855711,-0.0011923609726922253,0.0013571106823097652,0.04690929840206642,5,5,0.8828125,
transformer,vanilla_gate,trades,square,pooled,mcc,30,0.000768711327747958,-0.0013545106243318878,0.00320282815282285,0.11930909201990735,16,12,0.536037319813401,1.0
transformer,vanilla_gate,trades,square,CICIoT2023,mcc,10,0.001605666688717189,-0.004287627287860456,0.008616680212291089,0.14591513723262564,3,7,0.642578125,
transformer,vanilla_gate,trades,square,CICIoMT2024,mcc,10,-0.00027981870714209877,-0.0019420157612054798,0.0008833179801184361,-0.11308238815671295,5,3,0.7890625,
transformer,vanilla_gate,trades,square,TON_IoT,mcc,10,0.0009802860016687842,-0.0004590552715175197,0.002012750084623347,0.46213447170005595,8,2,0.203125,
transformer,vanilla_gate,trades,transfer_tf,pooled,mcc,30,0.0001400997197739969,-0.0010185630137477433,0.001400521779051981,0.04133433301235851,16,14,0.8352758236208819,1.0
transformer,vanilla_gate,trades,transfer_tf,CICIoT2023,mcc,10,0.0013855282174607408,-0.0010237772831575983,0.004388558791947767,0.30092532578823006,6,4,0.431640625,
transformer,vanilla_gate,trades,transfer_tf,CICIoMT2024,mcc,10,-0.001038021200942263,-0.0028589732437050803,0.0003974209828927489,-0.3715358648374468,4,6,0.412109375,
transformer,vanilla_gate,trades,transfer_tf,TON_IoT,mcc,10,7.279214280351277e-05,-0.0012365188725725663,0.0013360990921952088,0.03342624372996283,6,4,0.912109375,
transformer,vanilla_gate,trades,pgd_constrained,pooled,mcc,30,4.5474379904149784e-05,-0.001492434201898623,0.0016535858469329812,0.010257897493425663,15,15,0.9567552162239189,1.0
transformer,vanilla_gate,trades,pgd_constrained,CICIoT2023,mcc,10,0.001397197844661735,-0.0025515061494174817,0.005620952742704624,0.20101665977906027,5,5,0.54296875,
transformer,vanilla_gate,trades,pgd_constrained,CICIoMT2024,mcc,10,-0.0010744192202643554,-0.00291080437065536,0.00030876038919956764,-0.39365319319846376,5,5,0.435546875,
transformer,vanilla_gate,trades,pgd_constrained,TON_IoT,mcc,10,-0.00018635548468493024,-0.0014767436351130541,0.0009361209145753455,-0.09225777187546526,5,5,0.767578125,
