dataset,mode,method,backbone,attack,eps,acc_mean,acc_std,bal_acc_mean,bal_acc_std,f1_macro_mean,f1_macro_std,mcc_mean,mcc_std,auroc_mean,auroc_std,n_seeds
CICIoMT2024,multiclass,trades,aam_trans,clean,0.0,0.84425159578283,0.0032083681552215583,0.7854854579596469,0.004610361868689674,0.7840859934775837,0.0048102116370156095,0.8261833881421767,0.0036316406341380405,0.9923924957459548,0.00022012711943969831,10
CICIoMT2024,multiclass,trades,aam_trans,fgsm,0.1,0.7584450978985872,0.004666922577747473,0.6797334172329782,0.005667625392171905,0.6760178094891358,0.006163119633601377,0.7300214783019865,0.005295740463597568,0.9866353709091464,0.0004112257929996316,10
CICIoMT2024,multiclass,trades,aam_trans,gaussian,0.1,0.8313347199311483,0.0036884882213180353,0.7697695360734375,0.005294084219125165,0.7684487339346856,0.005793994123964553,0.8116536900455478,0.004152393966555997,0.9918238697291212,0.00022973163920543842,10
CICIoMT2024,multiclass,trades,aam_trans,pgd,0.1,0.7563580291185541,0.005205490014365321,0.6771444624516586,0.006307703203621448,0.6733784030370831,0.006840258000726237,0.727684236694617,0.0058958915469752285,0.9865934571633259,0.00041283484739873083,10
CICIoMT2024,multiclass,trades,aam_trans,pgd_constrained,0.1,0.7618159650003585,0.004419472394140198,0.6839965826327182,0.005253493708090421,0.6803166771313818,0.005923470329825982,0.7338095493218211,0.005016683277906665,0.9870777220987991,0.0003834150547604353,10
CICIoMT2024,multiclass,trades,aam_trans,square,0.1,0.75115,0.009789591978785987,0.67129746528624,0.01283214262925702,0.6659431063509686,0.013697138475389762,0.7222372577162879,0.011392110039129209,0.9879433800951993,0.0008354149342040488,10
CICIoMT2024,multiclass,trades,aam_trans,square_clean_subset,0.0,0.8429,0.007317406948123373,0.7851143835056125,0.009885068121392757,0.7816643443197212,0.01171071489257549,0.8249697411303408,0.00820805705939912,0.9923576185179929,0.0006583360500053873,10
CICIoMT2024,multiclass,trades,aam_trans,transfer_mlp,0.1,0.764225776375242,0.004355144706108067,0.6870103138001624,0.0052307929108630045,0.6835931436679408,0.00577677597026233,0.7365047685016324,0.004942332870792138,0.9875303822888621,0.00033091824777220974,10
CICIoMT2024,multiclass,trades,aam_trans,transfer_tf,0.1,0.7656817040809007,0.004482959967841045,0.6890163607812716,0.005369586060892546,0.685787037251116,0.0059096270405698485,0.7381348685915586,0.005096256372100079,0.9877559913362901,0.000398876796106517,10
CICIoMT2024,multiclass,trades,transformer,clean,0.0,0.8224628846015921,0.005728594228774963,0.7569086984962887,0.007138973457315335,0.751084384226884,0.008991385290455794,0.8022485632002716,0.006141735813091088,0.9914919561945832,0.00018532997856302423,10
CICIoMT2024,multiclass,trades,transformer,fgsm,0.1,0.7369576131392097,0.00293523268939939,0.6506730596744897,0.003887155780396483,0.6397028933287229,0.005742284353457782,0.7064272237019384,0.0031883442525127625,0.9841550693834176,0.0004241372114249194,10
CICIoMT2024,multiclass,trades,transformer,gaussian,0.1,0.8164240120490568,0.00467563400447997,0.7494478512140924,0.006088136922725222,0.7437072397651884,0.0078012948061619665,0.7954128886512614,0.004985689390780123,0.9909268052903532,0.0002091382320934321,10
CICIoMT2024,multiclass,trades,transformer,pgd,0.1,0.733020153482034,0.0024732335898115716,0.6457738652929976,0.0036340338442134223,0.6344991073079329,0.005357541765157479,0.7020155695700081,0.0027626926302784785,0.9840083185131642,0.000417834415496642,10
CICIoMT2024,multiclass,trades,transformer,pgd_constrained,0.1,0.7446747471849673,0.0011350094403853239,0.6604412310181362,0.0020119092781551223,0.6497742080487723,0.0038389519044179487,0.7151242345056551,0.0012752687235360858,0.9852561307984885,0.0002583076996211208,10
CICIoMT2024,multiclass,trades,transformer,square,0.1,0.73175,0.007075976571784602,0.6457778090137413,0.009227337908887462,0.633686343233214,0.012734905987603675,0.7010536621558526,0.007624631212645623,0.9864309186357862,0.0007267070012195256,10
CICIoMT2024,multiclass,trades,transformer,square_clean_subset,0.0,0.8227,0.00855115326854936,0.7584358246264353,0.012241585537145829,0.7510076182915871,0.014800255635007795,0.8028436252982118,0.009344063168584582,0.9913816101874092,0.0006579477923221065,10
CICIoMT2024,multiclass,trades,transformer,transfer_mlp,0.1,0.7559779100623969,0.0021958420597578024,0.6750599713609076,0.002903963678235767,0.6659850662102459,0.002583383278797659,0.7278131028174816,0.0026311780426665947,0.9865563297774271,0.00022639276870151125,10
CICIoMT2024,multiclass,trades,transformer,transfer_tf,0.1,0.7507566520834827,0.0019232172739250424,0.668342390076908,0.002302887269650574,0.6586807487802165,0.003882844834468647,0.7219377316518218,0.002139640544418182,0.9859662454016247,0.00019484171391195666,10
CICIoT2023,multiclass,trades,aam_trans,clean,0.0,0.7266589169814976,0.002336336042682142,0.506779863195162,0.003861029093178649,0.5065323651319245,0.004462348822572594,0.6922523896895421,0.002717737976552976,0.9640483068200112,0.0007603881890817333,10
CICIoT2023,multiclass,trades,aam_trans,fgsm,0.1,0.6951467596628886,0.005121305253215409,0.47349922403462513,0.0059928953947512575,0.47146240465514805,0.00442562526951019,0.6553551962998441,0.006121936740819956,0.9514528885549718,0.0009616573738491652,10
CICIoT2023,multiclass,trades,aam_trans,gaussian,0.1,0.7251816332461494,0.002504371520265143,0.5058999059937452,0.004185296388927584,0.506257400570519,0.004618239191054792,0.6903778035930754,0.0029294718904689138,0.9629859130768518,0.0008539640328491765,10
CICIoT2023,multiclass,trades,aam_trans,pgd,0.1,0.6936404146081565,0.005118069631425961,0.4721639926434905,0.005968534556683758,0.46966606630758384,0.004532611297487319,0.6535800243021365,0.006113446476071833,0.9521810341531065,0.0009424315491275314,10
CICIoT2023,multiclass,trades,aam_trans,pgd_constrained,0.1,0.6994720526978592,0.0046268850508729715,0.47803957189572854,0.005558977557733334,0.4759004619894732,0.004119150819296325,0.6604035706338004,0.005535646567258426,0.954214557888984,0.0008519603716361532,10
CICIoT2023,multiclass,trades,aam_trans,square,0.1,0.6958,0.009905666167513533,0.4809353991886778,0.016165407120995692,0.47628221725498765,0.0190487646053727,0.6562101562141549,0.010123784066280011,0.9588782283894706,0.0053545754864011775,10
CICIoT2023,multiclass,trades,aam_trans,square_clean_subset,0.0,0.7285,0.0055427630494386355,0.5159515117438532,0.016884454618424964,0.513174361205409,0.020103137275044872,0.6944876474681686,0.0049065265794647865,0.9630732219562785,0.005584766178192082,10
CICIoT2023,multiclass,trades,aam_trans,transfer_mlp,0.1,0.7056330524072459,0.003249094112830759,0.4840507383233937,0.004400279635927568,0.4819177990159599,0.0036473880377937994,0.6676950705015013,0.003897206364229703,0.9561341778925977,0.0008999084877386423,10
CICIoT2023,multiclass,trades,aam_trans,transfer_tf,0.1,0.7079628015111886,0.004619225272360588,0.48699092448645037,0.005683468723165114,0.48555370788766145,0.005352970985961414,0.6703986957957508,0.005480670972344738,0.9565048742620945,0.0008504464888268604,10
CICIoT2023,multiclass,trades,transformer,clean,0.0,0.7106073815751235,0.002587845819973419,0.48527551497692284,0.003718872276747846,0.4826650804256534,0.004708684054914049,0.6741944043309384,0.0029367591075704132,0.9574187259086997,0.0009449562901489709,10
CICIoT2023,multiclass,trades,transformer,fgsm,0.1,0.6679695824857115,0.007322134341600992,0.4400362605705789,0.007341359035032491,0.43656955317804735,0.004541393777651958,0.6236377126299856,0.00892146467999137,0.9409843482567435,0.00115937352986433,10
CICIoT2023,multiclass,trades,transformer,gaussian,0.1,0.7105201976169718,0.002470497046098222,0.4852036987991616,0.0034624792111180567,0.4833961328224053,0.0045947350802523395,0.6739972114546414,0.0027754312211518265,0.95722021749579,0.000971177047062825,10
CICIoT2023,multiclass,trades,transformer,pgd,0.1,0.6652184442507023,0.007600468102784322,0.4372324099887453,0.007681928643558794,0.4336734978440558,0.004726878515253771,0.6203541453906439,0.00925253002342555,0.9422935210868255,0.00116469403174117,10
CICIoT2023,multiclass,trades,transformer,pgd_constrained,0.1,0.6776954373728568,0.006171178079426136,0.4502300867845821,0.0062711741848344715,0.44631086182945934,0.004621236540919342,0.6351907607471596,0.00748824557764247,0.9447730907789692,0.0010709962494820742,10
CICIoT2023,multiclass,trades,transformer,square,0.1,0.6682,0.010995453605922792,0.4475293391149595,0.015641333204934913,0.4436629782668489,0.016745707238547822,0.623948945035257,0.011705429998454298,0.9529415109147091,0.004352447416290682,10
CICIoT2023,multiclass,trades,transformer,square_clean_subset,0.0,0.7137,0.005523686369727315,0.49680707270296276,0.016830005300477333,0.4927538635232812,0.0199273158588226,0.6778822301985914,0.005099633840674466,0.958097865465598,0.004262197252073484,10
CICIoT2023,multiclass,trades,transformer,transfer_mlp,0.1,0.6848057735154509,0.005500993896963859,0.45791002488409793,0.005662656774383484,0.45447590293518025,0.003945133716618338,0.643633922400248,0.0067007545087602845,0.9498141758356562,0.0009571951949820055,10
CICIoT2023,multiclass,trades,transformer,transfer_tf,0.1,0.6826988278601182,0.006060186495832863,0.45573095230719984,0.006209009315644038,0.45270532929969,0.004130423959757482,0.6410950720900537,0.007352798158038552,0.9483550546865542,0.0009482054415321612,10
TON_IoT,multiclass,trades,aam_trans,clean,0.0,0.9064165550096769,0.02495144554340153,0.814454646640373,0.03262462250710542,0.8172307543948856,0.03647354999391429,0.8797772508714692,0.030867457476972435,0.989282529215141,0.0008042782944896236,10
TON_IoT,multiclass,trades,aam_trans,fgsm,0.1,0.8474765520321572,0.007030439785017063,0.7402211879302404,0.015439444673228418,0.7420834910613427,0.013404945425712505,0.8043706320815385,0.010105138292865839,0.9793818324422603,0.0019517146511577681,10
TON_IoT,multiclass,trades,aam_trans,gaussian,0.1,0.8907548012505583,0.01459673181345157,0.7939216719235598,0.020262414482413758,0.7978253468157457,0.022433964922596965,0.8595679451195058,0.01764644824877804,0.9878150105210757,0.0009948417292565896,10
TON_IoT,multiclass,trades,aam_trans,pgd,0.1,0.8450796486526724,0.007769558024979493,0.7373435317712049,0.015962077702817348,0.7393526377702704,0.013540230420391788,0.8011738254718284,0.011301866981828773,0.9792052679216825,0.0019220257185643163,10
TON_IoT,multiclass,trades,aam_trans,pgd_constrained,0.1,0.8551585529254131,0.006332024715872319,0.750080562758418,0.012934004748449711,0.7509978376887763,0.012497445982385821,0.8140534793249167,0.008971694153951649,0.9820383307969152,0.0015725681880805896,10
TON_IoT,multiclass,trades,aam_trans,square,0.1,0.8432999999999999,0.0081110350072533,0.7367349089802022,0.015537013582257845,0.7351792261864014,0.014353407277965852,0.7986767541874877,0.011466300875987748,0.983176568316645,0.002191638902999909,10
TON_IoT,multiclass,trades,aam_trans,square_clean_subset,0.0,0.90565,0.026903169990831106,0.8148311387967542,0.04369735678487853,0.814725821845102,0.048019909989974026,0.8786239318293182,0.03338148243557285,0.9893676963280539,0.001999961216074146,10
TON_IoT,multiclass,trades,aam_trans,transfer_mlp,0.1,0.8534167038856632,0.0049556798495543316,0.7485312572217596,0.013806776122011267,0.7496660647358736,0.012589129158595854,0.8120572305651999,0.007224623410940657,0.9826045553779336,0.0015097808131539039,10
TON_IoT,multiclass,trades,aam_trans,transfer_tf,0.1,0.8580467470596993,0.0063377781698932345,0.7537337662518782,0.015247228704951668,0.755195797732741,0.014147811730375501,0.8178584107497638,0.008447421464709642,0.9830526960283603,0.0015499362743629317,10
TON_IoT,multiclass,trades,transformer,clean,0.0,0.8678427869584636,0.008422004593137966,0.7546849930365124,0.015612766190701309,0.7685969381111476,0.014315102672295497,0.8301285097853122,0.010481903504668565,0.9857705880412645,0.0015029053595879388,10
TON_IoT,multiclass,trades,transformer,fgsm,0.1,0.8349263063867799,0.00629510547609706,0.7023094185533366,0.010765928201859289,0.7171502696705583,0.006311727688675947,0.7879469278816299,0.008318261642502437,0.9719718476408561,0.0022698931494508343,10
TON_IoT,multiclass,trades,transformer,gaussian,0.1,0.8639124609200536,0.005625617098300984,0.7491917916655438,0.0119166333614615,0.7632212755130742,0.010529386940175488,0.8251647495757549,0.007132119950158213,0.984779664084174,0.001556523551262034,10
TON_IoT,multiclass,trades,transformer,pgd,0.1,0.8327973797826411,0.006379296926520582,0.6994138346142103,0.010165500297020047,0.7142829473850654,0.006035214750731914,0.7851187658094434,0.008316494473755496,0.9716112850948848,0.0022388493618792876,10
TON_IoT,multiclass,trades,transformer,pgd_constrained,0.1,0.8413279737978264,0.00691015552293931,0.7164433757917823,0.01891472030275134,0.7278076502714247,0.01323077871834241,0.7966278308137967,0.009649770076695006,0.9770249709713849,0.0019752367836790023,10
TON_IoT,multiclass,trades,transformer,square,0.1,0.8337999999999999,0.006566751268490536,0.7043522910915004,0.017197671416188713,0.7159339924700323,0.01821735259214971,0.7861367968938292,0.008565026696226372,0.9795440705878177,0.001999055146816388,10
TON_IoT,multiclass,trades,transformer,square_clean_subset,0.0,0.8698,0.008734351085735491,0.7606762259012241,0.01830839022994747,0.7725798191450395,0.020063225810453306,0.8323216933135562,0.011011583254928339,0.9862577863167313,0.0017965684200097493,10
TON_IoT,multiclass,trades,transformer,transfer_mlp,0.1,0.8413279737978264,0.005484800034422011,0.7128640934058326,0.012224195894311275,0.726418867307307,0.008800330219257824,0.7964503543980402,0.007486534442568553,0.977834134294314,0.001773351372356193,10
TON_IoT,multiclass,trades,transformer,transfer_tf,0.1,0.843322912014292,0.006402321354846571,0.7157137665861638,0.015504870545028042,0.7284472353146499,0.01135524765436836,0.799179457879633,0.008725708515561576,0.9782936450351334,0.0025291942292891482,10
