dataset,method,backbone,seed,n_mutable,n_features,eps,mcc_clean,mcc,valid_rate,mean_abs_change
CICIoT2023,trades,transformer,1,12,39,0.1,0.7683587187823522,0.7506021072718543,1.0,0.0217159520834684
CICIoT2023,trades,transformer,1,12,39,0.2,0.7683587187823522,0.7285395186273531,1.0,0.0435680411756038
CICIoT2023,trades,transformer,1,12,39,0.5,0.7683587187823522,0.6358848347218257,1.0,0.1046173945069313
CICIoT2023,trades,aam_trans,1,12,39,0.1,0.794726501087954,0.7819927298051028,1.0,0.0215554814785718
CICIoT2023,trades,aam_trans,1,12,39,0.2,0.794726501087954,0.7533041302998009,1.0,0.0442529208958148
CICIoT2023,trades,aam_trans,1,12,39,0.5,0.794726501087954,0.6440920593154693,1.0,0.1058686077594757
CICIoMT2024,trades,transformer,1,12,39,0.1,0.9901879291402595,0.989114292161578,1.0,0.0207884795963764
CICIoMT2024,trades,transformer,1,12,39,0.2,0.9901879291402595,0.9878640630626088,1.0,0.0450508706271648
CICIoMT2024,trades,transformer,1,12,39,0.5,0.9901879291402595,0.9482112339013844,1.0,0.1156471073627471
CICIoMT2024,trades,aam_trans,1,12,39,0.1,0.9907000087009468,0.9898136348471516,1.0,0.0198653470724821
CICIoMT2024,trades,aam_trans,1,12,39,0.2,0.9907000087009468,0.9881922776625988,1.0,0.0421311184763908
CICIoMT2024,trades,aam_trans,1,12,39,0.5,0.9907000087009468,0.961199730715859,1.0,0.1062528640031814
TON_IoT,trades,transformer,1,5,29,0.1,0.9461811777233478,0.9461811777233478,1.0,0.0055312197655439
TON_IoT,trades,transformer,1,5,29,0.2,0.9461811777233478,0.9461811777233478,1.0,0.0125421378761529
TON_IoT,trades,transformer,1,5,29,0.5,0.9461811777233478,0.9446484609728604,1.0,0.0352970249950885
TON_IoT,trades,aam_trans,1,5,29,0.1,0.9738744381089962,0.9738744381089962,1.0,0.0057327155955135
TON_IoT,trades,aam_trans,1,5,29,0.2,0.9738744381089962,0.9735731617176192,1.0,0.0124636096879839
TON_IoT,trades,aam_trans,1,5,29,0.5,0.9738744381089962,0.9729709549179556,1.0,0.0352694876492023
CICIoT2023,trades,mlp,1,12,39,0.1,0.7759531583375622,0.757006916670952,1.0,0.0224895626306533
CICIoT2023,trades,mlp,1,12,39,0.2,0.7759531583375622,0.7362750700973737,1.0,0.0467771962285041
CICIoT2023,trades,mlp,1,12,39,0.5,0.7759531583375622,0.6384048617048558,1.0,0.1150689870119094
CICIoT2023,trades,lstm,1,12,39,0.1,0.7426379978385813,0.7166907718301585,1.0,0.0213924720883369
CICIoT2023,trades,lstm,1,12,39,0.2,0.7426379978385813,0.694686561887323,1.0,0.0441225469112396
CICIoT2023,trades,lstm,1,12,39,0.5,0.7426379978385813,0.5814712013693739,1.0,0.1070130318403244
CICIoT2023,trades,transformer,2,12,39,0.1,0.7677268563099668,0.7517999012003354,1.0,0.0213847588747739
CICIoT2023,trades,transformer,2,12,39,0.2,0.7677268563099668,0.7320433733702041,1.0,0.043498445302248
CICIoT2023,trades,transformer,2,12,39,0.5,0.7677268563099668,0.638725423312678,1.0,0.1051458269357681
CICIoT2023,trades,aam_trans,2,12,39,0.1,0.7953173582082809,0.781741824580799,1.0,0.0223590023815631
CICIoT2023,trades,aam_trans,2,12,39,0.2,0.7953173582082809,0.7497397095755227,1.0,0.0457463674247264
CICIoT2023,trades,aam_trans,2,12,39,0.5,0.7953173582082809,0.6352179154336444,1.0,0.1073635965585708
CICIoT2023,trades,mlp,2,12,39,0.1,0.7765795869969165,0.7597340928317858,1.0,0.0233714804053306
CICIoT2023,trades,mlp,2,12,39,0.2,0.7765795869969165,0.7380179515913657,1.0,0.0486427955329418
CICIoT2023,trades,mlp,2,12,39,0.5,0.7765795869969165,0.6330715715911374,1.0,0.1193033829331398
CICIoT2023,trades,lstm,2,12,39,0.1,0.7302280813335605,0.7013406928413194,1.0,0.0218193978071212
CICIoT2023,trades,lstm,2,12,39,0.2,0.7302280813335605,0.6649336775108332,1.0,0.044009756296873
CICIoT2023,trades,lstm,2,12,39,0.5,0.7302280813335605,0.4318617790277169,1.0,0.1050337925553321
CICIoT2023,trades,transformer,3,12,39,0.1,0.7657540056822812,0.7448298566312131,1.0,0.0205014590173959
CICIoT2023,trades,transformer,3,12,39,0.2,0.7657540056822812,0.7217181613471915,1.0,0.0421787090599536
CICIoT2023,trades,transformer,3,12,39,0.5,0.7657540056822812,0.579978467052655,1.0,0.1041944548487663
CICIoT2023,pgdat,transformer,1,12,39,0.1,0.773040527195011,0.7606224488248396,1.0,0.0214826352894306
CICIoT2023,pgdat,transformer,1,12,39,0.2,0.773040527195011,0.744717930979641,1.0,0.0431440323591232
CICIoT2023,pgdat,transformer,1,12,39,0.5,0.773040527195011,0.6410338134071889,1.0,0.1051523312926292
CICIoT2023,pgdat,aam_trans,1,12,39,0.1,0.7938617580703338,0.7829373587975176,1.0,0.0212953891605138
CICIoT2023,pgdat,aam_trans,1,12,39,0.2,0.7938617580703338,0.7530565352885532,1.0,0.0436402894556522
CICIoT2023,pgdat,aam_trans,1,12,39,0.5,0.7938617580703338,0.6662718895345651,1.0,0.1021144315600395
CICIoT2023,pgdat,transformer,2,12,39,0.1,0.772237593838336,0.7606136720544858,1.0,0.0212810467928648
CICIoT2023,pgdat,transformer,2,12,39,0.2,0.772237593838336,0.7453133749691793,1.0,0.0433833040297031
CICIoT2023,pgdat,transformer,2,12,39,0.5,0.772237593838336,0.6434061048138828,1.0,0.104143887758255
CICIoT2023,pgdat,aam_trans,2,12,39,0.1,0.7703403710198361,0.7604829262872614,1.0,0.0223593972623348
CICIoT2023,pgdat,aam_trans,2,12,39,0.2,0.7703403710198361,0.7427270825607248,1.0,0.0459940247237682
CICIoT2023,pgdat,aam_trans,2,12,39,0.5,0.7703403710198361,0.6512989527601897,1.0,0.109232485294342
CICIoT2023,pgdat,transformer,3,12,39,0.1,0.7681365688571694,0.7564418846897606,1.0,0.021470908075571
CICIoT2023,pgdat,transformer,3,12,39,0.2,0.7681365688571694,0.7408210335553447,1.0,0.0432380959391593
CICIoT2023,pgdat,transformer,3,12,39,0.5,0.7681365688571694,0.612604103616332,1.0,0.1023335605859756
CICIoT2023,pgdat,aam_trans,3,12,39,0.1,0.7875565023812419,0.7744289753063466,1.0,0.0220050066709518
CICIoT2023,pgdat,aam_trans,3,12,39,0.2,0.7875565023812419,0.751201709916504,1.0,0.0450931116938591
CICIoT2023,pgdat,aam_trans,3,12,39,0.5,0.7875565023812419,0.6724998861672085,1.0,0.1055168658494949
CICIoT2023,pgdat,transformer,4,12,39,0.1,0.7779789809466997,0.7610239904278006,1.0,0.0216601341962814
CICIoT2023,pgdat,transformer,4,12,39,0.2,0.7779789809466997,0.7418082992767454,1.0,0.043894600123167
CICIoT2023,pgdat,transformer,4,12,39,0.5,0.7779789809466997,0.6239167967528356,1.0,0.1050788760185241
CICIoT2023,pgdat,aam_trans,4,12,39,0.1,0.779705308600631,0.7683630026391033,1.0,0.0234150569885969
CICIoT2023,pgdat,aam_trans,4,12,39,0.2,0.779705308600631,0.7504015908778843,1.0,0.0479275211691856
CICIoT2023,pgdat,aam_trans,4,12,39,0.5,0.779705308600631,0.6624861007360785,1.0,0.1138522177934646
CICIoT2023,pgdat,transformer,5,12,39,0.1,0.7537330416098282,0.7308266110749267,1.0,0.0212077870965003
CICIoT2023,pgdat,transformer,5,12,39,0.2,0.7537330416098282,0.7081094679670441,1.0,0.0435558371245861
CICIoT2023,pgdat,transformer,5,12,39,0.5,0.7537330416098282,0.6136621436104365,1.0,0.1068562269210815
CICIoT2023,pgdat,aam_trans,5,12,39,0.1,0.7875635299738896,0.7738790408759174,1.0,0.0232903361320495
CICIoT2023,pgdat,aam_trans,5,12,39,0.2,0.7875635299738896,0.7488478466590882,1.0,0.0478804409503936
CICIoT2023,pgdat,aam_trans,5,12,39,0.5,0.7875635299738896,0.6059187026778133,1.0,0.1118084415793418
CICIoT2023,pgdat,transformer,6,12,39,0.1,0.771229311965315,0.7593991191359571,1.0,0.0200904887169599
CICIoT2023,pgdat,transformer,6,12,39,0.2,0.771229311965315,0.7457280503167067,1.0,0.0412239953875541
CICIoT2023,pgdat,transformer,6,12,39,0.5,0.771229311965315,0.6526638229341681,1.0,0.1023574918508529
CICIoT2023,pgdat,aam_trans,6,12,39,0.1,0.7790883494892124,0.7661787022962903,1.0,0.0220905169844627
CICIoT2023,pgdat,aam_trans,6,12,39,0.2,0.7790883494892124,0.7425322107110891,1.0,0.0447183586657047
CICIoT2023,pgdat,aam_trans,6,12,39,0.5,0.7790883494892124,0.6568562436926565,1.0,0.1066609695553779
CICIoT2023,pgdat,transformer,7,12,39,0.1,0.7707270558099043,0.7574611979880852,1.0,0.0211562123149633
CICIoT2023,pgdat,transformer,7,12,39,0.2,0.7707270558099043,0.7442767110667599,1.0,0.0434156619012355
CICIoT2023,pgdat,transformer,7,12,39,0.5,0.7707270558099043,0.6370852465567927,1.0,0.1053929030895233
CICIoT2023,pgdat,aam_trans,7,12,39,0.1,0.7914948091711291,0.778518492314048,1.0,0.0216051768511533
CICIoT2023,pgdat,aam_trans,7,12,39,0.2,0.7914948091711291,0.7530584854616987,1.0,0.0433810912072658
CICIoT2023,pgdat,aam_trans,7,12,39,0.5,0.7914948091711291,0.648441140943131,1.0,0.1023430749773979
CICIoT2023,pgdat,transformer,8,12,39,0.1,0.7700530080415987,0.7569841632820339,1.0,0.021565007045865
CICIoT2023,pgdat,transformer,8,12,39,0.2,0.7700530080415987,0.7405972294752222,1.0,0.0439805127680301
CICIoT2023,pgdat,transformer,8,12,39,0.5,0.7700530080415987,0.6316609752673906,1.0,0.1069477722048759
CICIoT2023,pgdat,aam_trans,8,12,39,0.1,0.7904085873748513,0.7772436188544509,1.0,0.0211888961493968
CICIoT2023,pgdat,aam_trans,8,12,39,0.2,0.7904085873748513,0.7484677440260938,1.0,0.0433897227048873
CICIoT2023,pgdat,aam_trans,8,12,39,0.5,0.7904085873748513,0.6614791774421055,1.0,0.1037592515349388
CICIoT2023,pgdat,transformer,9,12,39,0.1,0.7684057976251802,0.7501597528952814,1.0,0.0205936785787343
CICIoT2023,pgdat,transformer,9,12,39,0.2,0.7684057976251802,0.7316052221650977,1.0,0.0422426238656044
CICIoT2023,pgdat,transformer,9,12,39,0.5,0.7684057976251802,0.6114099862497152,1.0,0.1034468412399292
CICIoT2023,pgdat,aam_trans,9,12,39,0.1,0.7712287341621391,0.7599038498388201,1.0,0.0221200119704008
CICIoT2023,pgdat,aam_trans,9,12,39,0.2,0.7712287341621391,0.7316976118333602,1.0,0.0454969741404056
CICIoT2023,pgdat,aam_trans,9,12,39,0.5,0.7712287341621391,0.6183980437081399,1.0,0.1077741086483001
CICIoT2023,pgdat,transformer,10,12,39,0.1,0.7646385939303109,0.7556845755194076,1.0,0.0198817178606987
CICIoT2023,pgdat,transformer,10,12,39,0.2,0.7646385939303109,0.7435618608716654,1.0,0.0406591556966304
CICIoT2023,pgdat,transformer,10,12,39,0.5,0.7646385939303109,0.6710304123615608,1.0,0.1015477702021598
CICIoT2023,pgdat,aam_trans,10,12,39,0.1,0.7872688316528291,0.7734258387390276,1.0,0.0208467431366443
CICIoT2023,pgdat,aam_trans,10,12,39,0.2,0.7872688316528291,0.7443499261534904,1.0,0.0424343571066856
CICIoT2023,pgdat,aam_trans,10,12,39,0.5,0.7872688316528291,0.641266224320563,1.0,0.100476861000061
CICIoMT2024,pgdat,transformer,1,12,39,0.1,0.990887950807286,0.9892867148832448,1.0,0.0205379724502563
CICIoMT2024,pgdat,transformer,1,12,39,0.2,0.990887950807286,0.9878640630626088,1.0,0.0445202365517616
CICIoMT2024,pgdat,transformer,1,12,39,0.5,0.990887950807286,0.9150587346955824,1.0,0.1175489202141761
CICIoMT2024,pgdat,aam_trans,1,12,39,0.1,0.9910688469422296,0.9903526929950836,1.0,0.0197047125548124
CICIoMT2024,pgdat,aam_trans,1,12,39,0.2,0.9910688469422296,0.9901717401671964,1.0,0.0423527769744396
CICIoMT2024,pgdat,aam_trans,1,12,39,0.5,0.9910688469422296,0.963275094300984,1.0,0.1061238422989845
CICIoMT2024,pgdat,transformer,2,12,39,0.1,0.9903690184760402,0.9892954661559982,1.0,0.0214267019182443
CICIoMT2024,pgdat,transformer,2,12,39,0.2,0.9903690184760402,0.9862613433830968,1.0,0.0438891649246215
CICIoMT2024,pgdat,transformer,2,12,39,0.5,0.9903690184760402,0.9138672920632642,1.0,0.1099430993199348
CICIoMT2024,pgdat,aam_trans,2,12,39,0.1,0.9894678237467872,0.989114292161578,1.0,0.0211105570197105
CICIoMT2024,pgdat,aam_trans,2,12,39,0.2,0.9894678237467872,0.9878688508970994,1.0,0.0437789857387542
CICIoMT2024,pgdat,aam_trans,2,12,39,0.5,0.9894678237467872,0.9668013590860992,1.0,0.1061407253146171
CICIoMT2024,pgdat,transformer,3,12,39,0.1,0.9889469769042863,0.987531671757551,1.0,0.0216907002031803
CICIoMT2024,pgdat,transformer,3,12,39,0.2,0.9889469769042863,0.9862829928348904,1.0,0.0457916297018528
CICIoMT2024,pgdat,transformer,3,12,39,0.5,0.9889469769042863,0.9479764074402812,1.0,0.1134523600339889
CICIoMT2024,pgdat,aam_trans,3,12,39,0.1,0.9892784620743644,0.9883812135669722,1.0,0.0206093713641166
CICIoMT2024,pgdat,aam_trans,3,12,39,0.2,0.9892784620743644,0.9864051850289342,1.0,0.0424416325986385
CICIoMT2024,pgdat,aam_trans,3,12,39,0.5,0.9892784620743644,0.959356345217906,1.0,0.1054181307554245
CICIoMT2024,pgdat,transformer,4,12,39,0.1,0.9900111677026928,0.9893000284239744,1.0,0.02132816798985
CICIoMT2024,pgdat,transformer,4,12,39,0.2,0.9900111677026928,0.9880501744311886,1.0,0.0441964566707611
CICIoMT2024,pgdat,transformer,4,12,39,0.5,0.9900111677026928,0.9325523331866546,1.0,0.1100002899765968
CICIoMT2024,pgdat,aam_trans,4,12,39,0.1,0.9908995656647744,0.990364749954993,1.0,0.019470976665616
CICIoMT2024,pgdat,aam_trans,4,12,39,0.2,0.9908995656647744,0.9894678237467872,1.0,0.0410491079092025
CICIoMT2024,pgdat,aam_trans,4,12,39,0.5,0.9908995656647744,0.966128471555637,1.0,0.1026869267225265
CICIoMT2024,pgdat,transformer,5,12,39,0.1,0.9916235784520692,0.9905458081331534,1.0,0.0214263368397951
CICIoMT2024,pgdat,transformer,5,12,39,0.2,0.9916235784520692,0.9894859597440976,1.0,0.0455828681588172
CICIoMT2024,pgdat,transformer,5,12,39,0.5,0.9916235784520692,0.9085043435422586,1.0,0.1132043749094009
CICIoMT2024,pgdat,aam_trans,5,12,39,0.1,0.9914384716398148,0.990722657183267,1.0,0.0218961145728826
CICIoMT2024,pgdat,aam_trans,5,12,39,0.2,0.9914384716398148,0.989825759226284,1.0,0.0458888337016105
CICIoMT2024,pgdat,aam_trans,5,12,39,0.5,0.9914384716398148,0.9405920009152902,1.0,0.1112311333417892
CICIoMT2024,pgdat,transformer,6,12,39,0.1,0.991615436623768,0.990722657183267,1.0,0.0223730839788913
CICIoMT2024,pgdat,transformer,6,12,39,0.2,0.991615436623768,0.9894766430343171,1.0,0.0474164485931396
CICIoMT2024,pgdat,transformer,6,12,39,0.5,0.991615436623768,0.9347806701157352,1.0,0.1168604344129562
CICIoMT2024,pgdat,aam_trans,6,12,39,0.1,0.9917850008893756,0.9907146074254772,1.0,0.0209380090236663
CICIoMT2024,pgdat,aam_trans,6,12,39,0.2,0.9917850008893756,0.9901795849871916,1.0,0.0437532030045986
CICIoMT2024,pgdat,aam_trans,6,12,39,0.5,0.9917850008893756,0.9596182583705112,1.0,0.1072018891572952
CICIoMT2024,pgdat,transformer,7,12,39,0.1,0.989657822805693,0.9884178433041751,1.0,0.0211863480508327
CICIoMT2024,pgdat,transformer,7,12,39,0.2,0.989657822805693,0.9862829928348904,1.0,0.0446670018136501
CICIoMT2024,pgdat,transformer,7,12,39,0.5,0.989657822805693,0.9401998700806986,1.0,0.112882487475872
CICIoMT2024,pgdat,aam_trans,7,12,39,0.1,0.9901879291402595,0.9889422340422556,1.0,0.0209134835749864
CICIoMT2024,pgdat,aam_trans,7,12,39,0.2,0.9901879291402595,0.9866191095927151,1.0,0.0437485165894031
CICIoMT2024,pgdat,aam_trans,7,12,39,0.5,0.9901879291402595,0.9638549969506792,1.0,0.1102554500102996
CICIoMT2024,pgdat,transformer,8,12,39,0.1,0.9893000284239744,0.9891234730600436,1.0,0.0233267117291688
CICIoMT2024,pgdat,transformer,8,12,39,0.2,0.9893000284239744,0.9866405342356412,1.0,0.0492619089782238
CICIoMT2024,pgdat,transformer,8,12,39,0.5,0.9893000284239744,0.8937404681406002,1.0,0.1157514974474906
CICIoMT2024,pgdat,aam_trans,8,12,39,0.1,0.9898344656039426,0.9891234730600436,1.0,0.0208235178142786
CICIoMT2024,pgdat,aam_trans,8,12,39,0.2,0.9898344656039426,0.9887657068504252,1.0,0.0433362536132335
CICIoMT2024,pgdat,aam_trans,8,12,39,0.5,0.9898344656039426,0.9544378597592648,1.0,0.1053079292178154
CICIoMT2024,pgdat,transformer,9,12,39,0.1,0.9896770884379178,0.9889619495444624,1.0,0.0218495409935712
CICIoMT2024,pgdat,transformer,9,12,39,0.2,0.9896770884379178,0.9877242747759756,1.0,0.0447783879935741
CICIoMT2024,pgdat,transformer,9,12,39,0.5,0.9896770884379178,0.9472467580402332,1.0,0.1083157286047935
CICIoMT2024,pgdat,aam_trans,9,12,39,0.1,0.9909123041081356,0.9905545378985172,1.0,0.0215221885591745
CICIoMT2024,pgdat,aam_trans,9,12,39,0.2,0.9909123041081356,0.9898436696568976,1.0,0.0442727804183959
CICIoMT2024,pgdat,aam_trans,9,12,39,0.5,0.9909123041081356,0.954477863593521,1.0,0.1070581451058387
CICIoMT2024,pgdat,transformer,10,12,39,0.1,0.9900068427267192,0.9887609978950666,1.0,0.0202634632587432
CICIoMT2024,pgdat,transformer,10,12,39,0.2,0.9900068427267192,0.9875160246910256,1.0,0.0436658710241317
CICIoMT2024,pgdat,transformer,10,12,39,0.5,0.9900068427267192,0.9423777022665476,1.0,0.1123657301068306
CICIoMT2024,pgdat,aam_trans,10,12,39,0.1,0.989657822805693,0.989481239269662,1.0,0.020780723541975
CICIoMT2024,pgdat,aam_trans,10,12,39,0.2,0.989657822805693,0.9885892388509712,1.0,0.0437091514468193
CICIoMT2024,pgdat,aam_trans,10,12,39,0.5,0.989657822805693,0.9631313493072018,1.0,0.1107249185442924
TON_IoT,pgdat,transformer,1,5,29,0.1,0.9520236955739508,0.9520236955739508,1.0,0.0064039812423288
TON_IoT,pgdat,transformer,1,5,29,0.2,0.9520236955739508,0.9520236955739508,1.0,0.0148818083107471
TON_IoT,pgdat,transformer,1,5,29,0.5,0.9520236955739508,0.9504936692370312,1.0,0.0417065843939781
TON_IoT,pgdat,aam_trans,1,5,29,0.1,0.9750806995086282,0.970805914864009,1.0,0.0061515015549957
TON_IoT,pgdat,aam_trans,1,5,29,0.2,0.9750806995086282,0.9562097722083932,1.0,0.0132926842197775
TON_IoT,pgdat,aam_trans,1,5,29,0.5,0.9750806995086282,0.9264015517149056,1.0,0.0384226515889167
TON_IoT,pgdat,transformer,2,5,29,0.1,0.9530497799737836,0.9527381212765896,1.0,0.0063201179727911
TON_IoT,pgdat,transformer,2,5,29,0.2,0.9530497799737836,0.9515042521551894,1.0,0.0139481481164693
TON_IoT,pgdat,transformer,2,5,29,0.5,0.9530497799737836,0.9437728060380164,1.0,0.0383525863289833
TON_IoT,pgdat,aam_trans,2,5,29,0.1,0.9732285644619928,0.9732285644619928,1.0,0.0047490508295595
TON_IoT,pgdat,aam_trans,2,5,29,0.2,0.9732285644619928,0.9729242008136544,1.0,0.0103170694783329
TON_IoT,pgdat,aam_trans,2,5,29,0.5,0.9732285644619928,0.9671464846962304,1.0,0.0299103911966085
TON_IoT,pgdat,transformer,3,5,29,0.1,0.9593216495288334,0.9593216495288334,1.0,0.006423307582736
TON_IoT,pgdat,transformer,3,5,29,0.2,0.9593216495288334,0.9593216495288334,1.0,0.0140643436461687
TON_IoT,pgdat,transformer,3,5,29,0.5,0.9593216495288334,0.9574833113317996,1.0,0.0411616042256355
TON_IoT,pgdat,aam_trans,3,5,29,0.1,0.9808358891143036,0.9808358891143036,1.0,0.0054357056505978
TON_IoT,pgdat,aam_trans,3,5,29,0.2,0.9808358891143036,0.9805319288644736,1.0,0.013269517570734
TON_IoT,pgdat,aam_trans,3,5,29,0.5,0.9808358891143036,0.9793145162989588,1.0,0.0407302901148796
TON_IoT,pgdat,transformer,4,5,29,0.1,0.9575668936493992,0.9569672606942706,1.0,0.005108818411827
TON_IoT,pgdat,transformer,4,5,29,0.2,0.9575668936493992,0.9566675323486628,1.0,0.0123587343841791
TON_IoT,pgdat,transformer,4,5,29,0.5,0.9575668936493992,0.9548242644134036,1.0,0.035751961171627
TON_IoT,pgdat,aam_trans,4,5,29,0.1,0.9753749725523768,0.9753749725523768,1.0,0.0055645941756665
TON_IoT,pgdat,aam_trans,4,5,29,0.2,0.9753749725523768,0.9750692480889136,1.0,0.0125258341431617
TON_IoT,pgdat,aam_trans,4,5,29,0.5,0.9753749725523768,0.968710599066768,1.0,0.0364505499601364
TON_IoT,pgdat,transformer,5,5,29,0.1,0.972028709553898,0.972028709553898,1.0,0.0067992247641086
TON_IoT,pgdat,transformer,5,5,29,0.2,0.972028709553898,0.972028709553898,1.0,0.0153806954622268
TON_IoT,pgdat,transformer,5,5,29,0.5,0.972028709553898,0.952868264246543,1.0,0.0418926589190959
TON_IoT,pgdat,aam_trans,5,5,29,0.1,0.9720365109103312,0.970200864604192,1.0,0.0058296672068536
TON_IoT,pgdat,aam_trans,5,5,29,0.2,0.9720365109103312,0.9558953978065112,1.0,0.0132923014461994
TON_IoT,pgdat,aam_trans,5,5,29,0.5,0.9720365109103312,0.9370315331730872,1.0,0.0372964404523372
TON_IoT,pgdat,transformer,6,5,29,0.1,0.9541555846887096,0.9541555846887096,1.0,0.006801392417401
TON_IoT,pgdat,transformer,6,5,29,0.2,0.9541555846887096,0.95355396702157,1.0,0.0153754083439707
TON_IoT,pgdat,transformer,6,5,29,0.5,0.9541555846887096,0.9431026997640876,1.0,0.0427486933767795
TON_IoT,pgdat,aam_trans,6,5,29,0.1,0.9726279652698038,0.9717122299169896,1.0,0.0052517675794661
TON_IoT,pgdat,aam_trans,6,5,29,0.2,0.9726279652698038,0.9592420187145476,1.0,0.0114170499145984
TON_IoT,pgdat,aam_trans,6,5,29,0.5,0.9726279652698038,0.94522516941601,1.0,0.0294043775647878
TON_IoT,pgdat,transformer,7,5,29,0.1,0.9546925164750588,0.954390071445482,1.0,0.0059949061833322
TON_IoT,pgdat,transformer,7,5,29,0.2,0.9546925164750588,0.954390071445482,1.0,0.0137937739491462
TON_IoT,pgdat,transformer,7,5,29,0.5,0.9546925164750588,0.944615148049339,1.0,0.0386287942528724
TON_IoT,pgdat,aam_trans,7,5,29,0.1,0.9741864925965756,0.9735731617176192,1.0,0.0065727159380912
TON_IoT,pgdat,aam_trans,7,5,29,0.2,0.9741864925965756,0.9735731617176192,1.0,0.014884565025568
TON_IoT,pgdat,aam_trans,7,5,29,0.5,0.9741864925965756,0.9606985805815034,1.0,0.0408538691699504
TON_IoT,pgdat,transformer,8,5,29,0.1,0.950238924163754,0.950238924163754,1.0,0.0056846090592443
TON_IoT,pgdat,transformer,8,5,29,0.2,0.950238924163754,0.9496282600399502,1.0,0.0131102940067648
TON_IoT,pgdat,transformer,8,5,29,0.5,0.950238924163754,0.9486976752443086,1.0,0.0368424355983734
TON_IoT,pgdat,aam_trans,8,5,29,0.1,0.9744460182796733,0.9677595504743828,1.0,0.0062623098492622
TON_IoT,pgdat,aam_trans,8,5,29,0.2,0.9744460182796733,0.956880989950887,1.0,0.0131359798833727
TON_IoT,pgdat,aam_trans,8,5,29,0.5,0.9744460182796733,0.9181207327036306,1.0,0.0356484800577163
TON_IoT,pgdat,transformer,9,5,29,0.1,0.972011377986588,0.9707940780035956,1.0,0.0065664947032928
TON_IoT,pgdat,transformer,9,5,29,0.2,0.972011377986588,0.9553595269555673,1.0,0.0144213931635022
TON_IoT,pgdat,transformer,9,5,29,0.5,0.972011377986588,0.9477681801695228,1.0,0.039844024926424
TON_IoT,pgdat,aam_trans,9,5,29,0.1,0.9738375966049628,0.9735335664317318,1.0,0.0054037952795624
TON_IoT,pgdat,aam_trans,9,5,29,0.2,0.9738375966049628,0.9732288928846894,1.0,0.0116378823295235
TON_IoT,pgdat,aam_trans,9,5,29,0.5,0.9738375966049628,0.966848008787895,1.0,0.0334763377904892
TON_IoT,pgdat,transformer,10,5,29,0.1,0.9756716265470232,0.9753688301047516,1.0,0.0060341637581586
TON_IoT,pgdat,transformer,10,5,29,0.2,0.9756716265470232,0.9750661503371632,1.0,0.013550329953432
TON_IoT,pgdat,transformer,10,5,29,0.5,0.9756716265470232,0.96440505851975,1.0,0.0388317890465259
TON_IoT,pgdat,aam_trans,10,5,29,0.1,0.9753785836302452,0.9753785836302452,1.0,0.0058101313188672
TON_IoT,pgdat,aam_trans,10,5,29,0.2,0.9753785836302452,0.9753785836302452,1.0,0.012459841556847
TON_IoT,pgdat,aam_trans,10,5,29,0.5,0.9753785836302452,0.9714486170217476,1.0,0.0339072942733764
CICIoT2023,trades,mlp,3,12,39,0.1,0.7733581854368998,0.7572010391323666,1.0,0.0226866416633129
CICIoT2023,trades,mlp,3,12,39,0.2,0.7733581854368998,0.7358538401046089,1.0,0.0475322566926479
CICIoT2023,trades,mlp,3,12,39,0.5,0.7733581854368998,0.6472350852046987,1.0,0.1188574358820915
CICIoT2023,trades,transformer,4,12,39,0.1,0.7703145274005851,0.7473139176514306,1.0,0.0206501763314008
CICIoT2023,trades,transformer,4,12,39,0.2,0.7703145274005851,0.7176148064720924,1.0,0.042157519608736
CICIoT2023,trades,transformer,4,12,39,0.5,0.7703145274005851,0.5734649654812234,1.0,0.1062899306416511
CICIoT2023,trades,aam_trans,4,12,39,0.1,0.7979839046990572,0.7832229642711058,1.0,0.0217798389494419
CICIoT2023,trades,aam_trans,4,12,39,0.2,0.7979839046990572,0.7530581742733309,1.0,0.044732391834259
CICIoT2023,trades,aam_trans,4,12,39,0.5,0.7979839046990572,0.6334691225578407,1.0,0.1099782213568687
CICIoT2023,trades,mlp,4,12,39,0.1,0.7771244151956967,0.7602979260858183,1.0,0.0234085712581872
CICIoT2023,trades,mlp,4,12,39,0.2,0.7771244151956967,0.7396636626352273,1.0,0.0488441884517669
CICIoT2023,trades,mlp,4,12,39,0.5,0.7771244151956967,0.6422250344758114,1.0,0.1190244406461715
CICIoT2023,trades,transformer,5,12,39,0.1,0.762291982278249,0.7455077579100347,1.0,0.0204249620437622
CICIoT2023,trades,transformer,5,12,39,0.2,0.762291982278249,0.7254420420813785,1.0,0.0420184731483459
CICIoT2023,trades,transformer,5,12,39,0.5,0.762291982278249,0.6265270603018471,1.0,0.1042690798640251
CICIoT2023,trades,aam_trans,5,12,39,0.1,0.7928519578931038,0.7765482316801913,1.0,0.022520937025547
CICIoT2023,trades,aam_trans,5,12,39,0.2,0.7928519578931038,0.7426194916318508,1.0,0.0457992032170295
CICIoT2023,trades,aam_trans,5,12,39,0.5,0.7928519578931038,0.607928358255232,1.0,0.110121339559555
CICIoT2023,trades,mlp,5,12,39,0.1,0.7726507199665936,0.7527272582876865,1.0,0.0229743402451276
CICIoT2023,trades,mlp,5,12,39,0.2,0.7726507199665936,0.7302259277870556,1.0,0.0479152090847492
CICIoT2023,trades,mlp,5,12,39,0.5,0.7726507199665936,0.6317860438783377,1.0,0.1190900132060051
CICIoT2023,trades,transformer,6,12,39,0.1,0.7732433462925632,0.7590884107044591,1.0,0.0206567700952291
CICIoT2023,trades,transformer,6,12,39,0.2,0.7732433462925632,0.7385570896154676,1.0,0.0418649800121784
CICIoT2023,trades,transformer,6,12,39,0.5,0.7732433462925632,0.6325250770935695,1.0,0.1014200150966644
CICIoT2023,trades,aam_trans,6,12,39,0.1,0.7936713010028391,0.7769440766575172,1.0,0.0230128839612007
CICIoT2023,trades,aam_trans,6,12,39,0.2,0.7936713010028391,0.7467203233683221,1.0,0.047305554151535
CICIoT2023,trades,aam_trans,6,12,39,0.5,0.7936713010028391,0.6447361368038386,1.0,0.1145259886980056
CICIoT2023,trades,mlp,6,12,39,0.1,0.7764833592709743,0.7579803413013422,1.0,0.0236225631088018
CICIoT2023,trades,mlp,6,12,39,0.2,0.7764833592709743,0.7382782621619234,1.0,0.0489305220544338
CICIoT2023,trades,mlp,6,12,39,0.5,0.7764833592709743,0.6347156061667427,1.0,0.1199939176440239
CICIoT2023,trades,transformer,7,12,39,0.1,0.7713109131918443,0.7549643348070161,1.0,0.0202961973845958
CICIoT2023,trades,transformer,7,12,39,0.2,0.7713109131918443,0.7341255982494108,1.0,0.0406158603727817
CICIoT2023,trades,transformer,7,12,39,0.5,0.7713109131918443,0.628750613083149,1.0,0.0973703414201736
CICIoT2023,trades,aam_trans,7,12,39,0.1,0.7949662219193795,0.7787390651535596,1.0,0.021076476201415
CICIoT2023,trades,aam_trans,7,12,39,0.2,0.7949662219193795,0.7477481885123703,1.0,0.0430428721010685
CICIoT2023,trades,aam_trans,7,12,39,0.5,0.7949662219193795,0.6297113714790862,1.0,0.1035986468195915
CICIoT2023,trades,mlp,7,12,39,0.1,0.7752391724587206,0.7577169481257843,1.0,0.022703556343913
CICIoT2023,trades,mlp,7,12,39,0.2,0.7752391724587206,0.7375194587237148,1.0,0.0473511517047882
CICIoT2023,trades,mlp,7,12,39,0.5,0.7752391724587206,0.6378480645388069,1.0,0.1159651055932045
CICIoT2023,trades,transformer,8,12,39,0.1,0.7644109214700058,0.7500206053496404,1.0,0.021549692377448
CICIoT2023,trades,transformer,8,12,39,0.2,0.7644109214700058,0.7323361906861862,1.0,0.0435176081955432
CICIoT2023,trades,transformer,8,12,39,0.5,0.7644109214700058,0.6433726174054839,1.0,0.104171983897686
CICIoT2023,trades,aam_trans,8,12,39,0.1,0.7935136605977473,0.7791994207818335,1.0,0.0217851363122463
CICIoT2023,trades,aam_trans,8,12,39,0.2,0.7935136605977473,0.749360538560451,1.0,0.0449093058705329
CICIoT2023,trades,aam_trans,8,12,39,0.5,0.7935136605977473,0.6176493020289734,1.0,0.1089001148939132
CICIoT2023,trades,mlp,8,12,39,0.1,0.7754669910803395,0.7579707820322715,1.0,0.0230974573642015
CICIoT2023,trades,mlp,8,12,39,0.2,0.7754669910803395,0.7341848370319471,1.0,0.0482524745166301
CICIoT2023,trades,mlp,8,12,39,0.5,0.7754669910803395,0.633693995860333,1.0,0.1193943470716476
CICIoT2023,trades,transformer,9,12,39,0.1,0.7674512775724177,0.751673720309769,1.0,0.0202456042170524
CICIoT2023,trades,transformer,9,12,39,0.2,0.7674512775724177,0.7244316131857571,1.0,0.0413965247571468
CICIoT2023,trades,transformer,9,12,39,0.5,0.7674512775724177,0.5988599892944657,1.0,0.1004048585891723
CICIoT2023,trades,aam_trans,9,12,39,0.1,0.7873890637730125,0.7688444371452834,1.0,0.0214789994060993
CICIoT2023,trades,aam_trans,9,12,39,0.2,0.7873890637730125,0.7336833790646862,1.0,0.0440755449235439
CICIoT2023,trades,aam_trans,9,12,39,0.5,0.7873890637730125,0.6021913978642489,1.0,0.1071760356426239
CICIoT2023,trades,mlp,9,12,39,0.1,0.7727193983755238,0.7536327605573747,1.0,0.0235186908394098
CICIoT2023,trades,mlp,9,12,39,0.2,0.7727193983755238,0.7302195982654289,1.0,0.0493193976581096
CICIoT2023,trades,mlp,9,12,39,0.5,0.7727193983755238,0.6328302556539064,1.0,0.1213362663984298
CICIoT2023,trades,transformer,10,12,39,0.1,0.7698619325417925,0.7529912081150415,1.0,0.0217022225260734
CICIoT2023,trades,transformer,10,12,39,0.2,0.7698619325417925,0.7309239295166973,1.0,0.0451874695718288
CICIoT2023,trades,transformer,10,12,39,0.5,0.7698619325417925,0.6220139313257669,1.0,0.1134302467107772
CICIoT2023,trades,aam_trans,10,12,39,0.1,0.7941608651374588,0.7769359676116357,1.0,0.0215357560664415
CICIoT2023,trades,aam_trans,10,12,39,0.2,0.7941608651374588,0.7459545887216725,1.0,0.0438044071197509
CICIoT2023,trades,aam_trans,10,12,39,0.5,0.7941608651374588,0.6275368463656961,1.0,0.1045316383242607
CICIoT2023,trades,mlp,10,12,39,0.1,0.7748389395091282,0.756032003035167,1.0,0.0231470856815576
CICIoT2023,trades,mlp,10,12,39,0.2,0.7748389395091282,0.7359712550556355,1.0,0.0481074750423431
CICIoT2023,trades,mlp,10,12,39,0.5,0.7748389395091282,0.6306802160585084,1.0,0.119330771267414
CICIoMT2024,trades,mlp,1,12,39,0.1,0.990722657183267,0.9898300501473656,1.0,0.0231409464031457
CICIoMT2024,trades,mlp,1,12,39,0.2,0.990722657183267,0.989114292161578,1.0,0.0506633259356021
CICIoMT2024,trades,mlp,1,12,39,0.5,0.990722657183267,0.9594491432170128,1.0,0.1260686665773391
CICIoMT2024,trades,transformer,2,12,39,0.1,0.988594162064506,0.9877025359459798,1.0,0.0214904099702835
CICIoMT2024,trades,transformer,2,12,39,0.2,0.988594162064506,0.9861013939706398,1.0,0.0472012273967266
CICIoMT2024,trades,transformer,2,12,39,0.5,0.988594162064506,0.9469608464233128,1.0,0.1221383363008499
CICIoMT2024,trades,aam_trans,2,12,39,0.1,0.9889422340422556,0.988407940640807,1.0,0.0205334275960922
CICIoMT2024,trades,aam_trans,2,12,39,0.2,0.9889422340422556,0.9873397002672972,1.0,0.0422212146222591
CICIoMT2024,trades,aam_trans,2,12,39,0.5,0.9889422340422556,0.9659876633341268,1.0,0.1059394553303718
CICIoMT2024,trades,mlp,2,12,39,0.1,0.988407940640807,0.9880551200928974,1.0,0.0235298760235309
CICIoMT2024,trades,mlp,2,12,39,0.2,0.988407940640807,0.987334642011952,1.0,0.0509596168994903
CICIoMT2024,trades,mlp,2,12,39,0.5,0.988407940640807,0.9701178422446854,1.0,0.1250989735126495
CICIoMT2024,trades,transformer,3,12,39,0.1,0.9868221078339916,0.9861128913365228,1.0,0.0217138826847076
CICIoMT2024,trades,transformer,3,12,39,0.2,0.9868221078339916,0.9850345409815012,1.0,0.045340783894062
CICIoMT2024,trades,transformer,3,12,39,0.5,0.9868221078339916,0.9571693106559908,1.0,0.1163173466920852
CICIoMT2024,trades,aam_trans,3,12,39,0.1,0.9874968961503866,0.9862512602184274,1.0,0.0220502857118845
CICIoMT2024,trades,aam_trans,3,12,39,0.2,0.9874968961503866,0.9848097045445796,1.0,0.0466327369213104
CICIoMT2024,trades,aam_trans,3,12,39,0.5,0.9874968961503866,0.9595079946429744,1.0,0.1135154366493225
CICIoMT2024,trades,mlp,3,12,39,0.1,0.9880601896250776,0.9871741023108233,1.0,0.023487264290452
CICIoMT2024,trades,mlp,3,12,39,0.2,0.9880601896250776,0.9862773953699208,1.0,0.0511548034846782
CICIoMT2024,trades,mlp,3,12,39,0.5,0.9880601896250776,0.9665147128533996,1.0,0.1248817592859268
CICIoMT2024,trades,transformer,4,12,39,0.1,0.9820538635082968,0.9816949291834196,1.0,0.0230555869638919
CICIoMT2024,trades,transformer,4,12,39,0.2,0.9820538635082968,0.98044043850368,1.0,0.0494662076234817
CICIoMT2024,trades,transformer,4,12,39,0.5,0.9820538635082968,0.9310694096031106,1.0,0.1199385449290275
CICIoMT2024,trades,aam_trans,4,12,39,0.1,0.9898390054792804,0.989118820464692,1.0,0.0225633457303047
CICIoMT2024,trades,aam_trans,4,12,39,0.2,0.9898390054792804,0.9880316328101468,1.0,0.0465638898313045
CICIoMT2024,trades,aam_trans,4,12,39,0.5,0.9898390054792804,0.9570606965640052,1.0,0.1082085222005844
CICIoMT2024,trades,mlp,4,12,39,0.1,0.9905545378985172,0.9903779291175472,1.0,0.0229209959506988
CICIoMT2024,trades,mlp,4,12,39,0.2,0.9905545378985172,0.989657822805693,1.0,0.0503961183130741
CICIoMT2024,trades,mlp,4,12,39,0.5,0.9905545378985172,0.965372477725638,1.0,0.1243449747562408
CICIoMT2024,trades,transformer,5,12,39,0.1,0.9898533704543075,0.9891381754374302,1.0,0.0225130319595336
CICIoMT2024,trades,transformer,5,12,39,0.2,0.9898533704543075,0.9875427207650463,1.0,0.0464941188693046
CICIoMT2024,trades,transformer,5,12,39,0.5,0.9898533704543075,0.929388145304236,1.0,0.1154881343245506
CICIoMT2024,trades,aam_trans,5,12,39,0.1,0.9899946160215104,0.9889163892047588,1.0,0.0223554521799087
CICIoMT2024,trades,aam_trans,5,12,39,0.2,0.9899946160215104,0.9878379468486896,1.0,0.0461762361228466
CICIoMT2024,trades,aam_trans,5,12,39,0.5,0.9899946160215104,0.962873854790526,1.0,0.1109485775232315
CICIoMT2024,trades,mlp,5,12,39,0.1,0.991265755882444,0.9909123041081356,1.0,0.0239303577691316
CICIoMT2024,trades,mlp,5,12,39,0.2,0.991265755882444,0.989825759226284,1.0,0.0522633902728557
CICIoMT2024,trades,mlp,5,12,39,0.5,0.991265755882444,0.9658793514602608,1.0,0.1274303197860717
CICIoMT2024,trades,transformer,6,12,39,0.1,0.9903734115691304,0.9894908043414682,1.0,0.0236214213073253
CICIoMT2024,trades,transformer,6,12,39,0.2,0.9903734115691304,0.988428241239394,1.0,0.0501154623925685
CICIoMT2024,trades,transformer,6,12,39,0.5,0.9903734115691304,0.95379490433878,1.0,0.1207422837615013
CICIoMT2024,trades,aam_trans,6,12,39,0.1,0.9905458081331534,0.9896533169293456,1.0,0.0221548192203044
CICIoMT2024,trades,aam_trans,6,12,39,0.2,0.9905458081331534,0.9883940173082966,1.0,0.0455294288694858
CICIoMT2024,trades,aam_trans,6,12,39,0.5,0.9905458081331534,0.96741393477343,1.0,0.107126347720623
CICIoMT2024,trades,mlp,6,12,39,0.1,0.991084720022735,0.9900156171874116,1.0,0.0228453893214464
CICIoMT2024,trades,mlp,6,12,39,0.2,0.991084720022735,0.98895184385257,1.0,0.0492266081273555
CICIoMT2024,trades,mlp,6,12,39,0.5,0.991084720022735,0.971537014636973,1.0,0.1209504306316375
CICIoMT2024,trades,transformer,7,12,39,0.1,0.9866578974861354,0.9855919784532988,1.0,0.0221113041043281
CICIoMT2024,trades,transformer,7,12,39,0.2,0.9866578974861354,0.9848837788042692,1.0,0.0469563752412796
CICIoMT2024,trades,transformer,7,12,39,0.5,0.9866578974861354,0.951305716889676,1.0,0.1159938797354698
CICIoMT2024,trades,aam_trans,7,12,39,0.1,0.9886043800977344,0.9880706998386436,1.0,0.0214565563946962
CICIoMT2024,trades,aam_trans,7,12,39,0.2,0.9886043800977344,0.9861070810929956,1.0,0.044646929949522
CICIoMT2024,trades,aam_trans,7,12,39,0.5,0.9886043800977344,0.9621832648773344,1.0,0.1126529276371002
CICIoMT2024,trades,mlp,7,12,39,0.1,0.988428241239394,0.987537134574988,1.0,0.023157374933362
CICIoMT2024,trades,mlp,7,12,39,0.2,0.988428241239394,0.9868165328640954,1.0,0.049657680094242
CICIoMT2024,trades,mlp,7,12,39,0.5,0.988428241239394,0.968606155665724,1.0,0.1217298358678817
CICIoMT2024,trades,transformer,8,12,39,0.1,0.9871741023108233,0.9866405342356412,1.0,0.0228232592344284
CICIoMT2024,trades,transformer,8,12,39,0.2,0.9871741023108233,0.9846711161837286,1.0,0.0488284043967723
CICIoMT2024,trades,transformer,8,12,39,0.5,0.9871741023108233,0.9397540287942628,1.0,0.1208122074604034
CICIoMT2024,trades,aam_trans,8,12,39,0.1,0.9891282498312975,0.9885892388509712,1.0,0.0213988292962312
CICIoMT2024,trades,aam_trans,8,12,39,0.2,0.9891282498312975,0.9876875301861904,1.0,0.045676190406084
CICIoMT2024,trades,aam_trans,8,12,39,0.5,0.9891282498312975,0.961156878382982,1.0,0.1131052821874618
CICIoMT2024,trades,mlp,8,12,39,0.1,0.9891282498312975,0.988594162064506,1.0,0.0240274313837289
CICIoMT2024,trades,mlp,8,12,39,0.2,0.9891282498312975,0.9878787984883785,1.0,0.0518573559820652
CICIoMT2024,trades,mlp,8,12,39,0.5,0.9891282498312975,0.963267707060217,1.0,0.1279706805944442
CICIoMT2024,trades,transformer,9,12,39,0.1,0.9893144603570778,0.9885992091852932,1.0,0.0226640217006206
CICIoMT2024,trades,transformer,9,12,39,0.2,0.9893144603570778,0.9873556170371424,1.0,0.0467087179422378
CICIoMT2024,trades,transformer,9,12,39,0.5,0.9893144603570778,0.946231637917875,1.0,0.1172548532485961
CICIoMT2024,trades,aam_trans,9,12,39,0.1,0.9891098882672902,0.9887519527877934,1.0,0.0229674968868494
CICIoMT2024,trades,aam_trans,9,12,39,0.2,0.9891098882672902,0.9876827761900028,1.0,0.047964047640562
CICIoMT2024,trades,aam_trans,9,12,39,0.5,0.9891098882672902,0.964221103130276,1.0,0.1170027032494545
CICIoMT2024,trades,mlp,9,12,39,0.1,0.9896672074286978,0.9889568347711856,1.0,0.023336473852396
CICIoMT2024,trades,mlp,9,12,39,0.2,0.9896672074286978,0.9885992091852932,1.0,0.0508714132010936
CICIoMT2024,trades,mlp,9,12,39,0.5,0.9896672074286978,0.9659809456086595,1.0,0.1260708719491958
CICIoMT2024,trades,transformer,10,12,39,0.1,0.9818830303964328,0.980991825290438,1.0,0.0227494183927774
CICIoMT2024,trades,transformer,10,12,39,0.2,0.9818830303964328,0.979738446697129,1.0,0.0474980436265468
CICIoMT2024,trades,transformer,10,12,39,0.5,0.9818830303964328,0.9474064382513678,1.0,0.1173438131809234
CICIoMT2024,trades,aam_trans,10,12,39,0.1,0.988231500797656,0.988231500797656,1.0,0.0202994104474782
CICIoMT2024,trades,aam_trans,10,12,39,0.2,0.988231500797656,0.9871582866377104,1.0,0.0425131730735302
CICIoMT2024,trades,aam_trans,10,12,39,0.5,0.988231500797656,0.9628061226071466,1.0,0.1075820177793502
CICIoMT2024,trades,mlp,10,12,39,0.1,0.9891331506623704,0.988594162064506,1.0,0.0234130900353193
CICIoMT2024,trades,mlp,10,12,39,0.2,0.9891331506623704,0.9882364802764424,1.0,0.0512565784156322
CICIoMT2024,trades,mlp,10,12,39,0.5,0.9891331506623704,0.9668389059515284,1.0,0.1246270313858985
TON_IoT,trades,mlp,1,5,29,0.1,0.9562708250564004,0.9505599377985372,1.0,0.0051185972988605
TON_IoT,trades,mlp,1,5,29,0.2,0.9562708250564004,0.9502599491404964,1.0,0.0120968278497457
TON_IoT,trades,mlp,1,5,29,0.5,0.9562708250564004,0.9499600184863288,1.0,0.0370926484465599
TON_IoT,trades,transformer,2,5,29,0.1,0.9406036224289196,0.9406036224289196,1.0,0.005078696180135
TON_IoT,trades,transformer,2,5,29,0.2,0.9406036224289196,0.9406036224289196,1.0,0.0113277025520801
TON_IoT,trades,transformer,2,5,29,0.5,0.9406036224289196,0.9390555369501038,1.0,0.032440923154354
TON_IoT,trades,aam_trans,2,5,29,0.1,0.971420601846895,0.971420601846895,1.0,0.0051744226366281
TON_IoT,trades,aam_trans,2,5,29,0.2,0.971420601846895,0.971420601846895,1.0,0.0112849976867437
TON_IoT,trades,aam_trans,2,5,29,0.5,0.971420601846895,0.9711147820378572,1.0,0.0325941741466522
TON_IoT,trades,mlp,2,5,29,0.1,0.9504317717221388,0.9504317717221388,1.0,0.0042682774364948
TON_IoT,trades,mlp,2,5,29,0.2,0.9504317717221388,0.9504317717221388,1.0,0.0108432853594422
TON_IoT,trades,mlp,2,5,29,0.5,0.9504317717221388,0.9498358130549308,1.0,0.0325148850679397
TON_IoT,trades,transformer,3,5,29,0.1,0.9508115960388992,0.9508115960388992,1.0,0.0050610592588782
TON_IoT,trades,transformer,3,5,29,0.2,0.9508115960388992,0.9505020600048364,1.0,0.0116220125928521
TON_IoT,trades,transformer,3,5,29,0.5,0.9508115960388992,0.9495822944041612,1.0,0.0339583195745945
TON_IoT,trades,aam_trans,3,5,29,0.1,0.9738383581342176,0.9738383581342176,1.0,0.0056950626894831
TON_IoT,trades,aam_trans,3,5,29,0.2,0.9738383581342176,0.9738383581342176,1.0,0.0123883383348584
TON_IoT,trades,aam_trans,3,5,29,0.5,0.9738383581342176,0.9735344809040416,1.0,0.0351706072688102
TON_IoT,trades,mlp,3,5,29,0.1,0.9683598185603738,0.9571311219084564,1.0,0.005017127841711
TON_IoT,trades,mlp,3,5,29,0.2,0.9683598185603738,0.95411054510903,1.0,0.0121457809582352
TON_IoT,trades,mlp,3,5,29,0.5,0.9683598185603738,0.9532125862902628,1.0,0.0357048623263835
TON_IoT,trades,transformer,4,5,29,0.1,0.9502941851883304,0.9502941851883304,1.0,0.0045764525420963
TON_IoT,trades,transformer,4,5,29,0.2,0.9502941851883304,0.9496714934879582,1.0,0.011027536354959
TON_IoT,trades,transformer,4,5,29,0.5,0.9502941851883304,0.9487494435297128,1.0,0.0324915051460266
TON_IoT,trades,aam_trans,4,5,29,0.1,0.9705460559600724,0.9705460559600724,1.0,0.0052174525335431
TON_IoT,trades,aam_trans,4,5,29,0.2,0.9705460559600724,0.9702454319237698,1.0,0.0112208202481269
TON_IoT,trades,aam_trans,4,5,29,0.5,0.9705460559600724,0.9687165730427864,1.0,0.0325251072645187
TON_IoT,trades,mlp,4,5,29,0.1,0.9680705823941026,0.9571030560810802,1.0,0.0050269314087927
TON_IoT,trades,mlp,4,5,29,0.2,0.9680705823941026,0.9513463971729762,1.0,0.0121740456670522
TON_IoT,trades,mlp,4,5,29,0.5,0.9680705823941026,0.9483189793821732,1.0,0.0355476401746273
TON_IoT,trades,transformer,5,5,29,0.1,0.945912446270369,0.9453021580185518,1.0,0.0053393328562378
TON_IoT,trades,transformer,5,5,29,0.2,0.945912446270369,0.9446918697667346,1.0,0.0120718488469719
TON_IoT,trades,transformer,5,5,29,0.5,0.945912446270369,0.9437658097310748,1.0,0.0347106382250785
TON_IoT,trades,aam_trans,5,5,29,0.1,0.969910768511045,0.969910768511045,1.0,0.005212627351284
TON_IoT,trades,aam_trans,5,5,29,0.2,0.969910768511045,0.969910768511045,1.0,0.0118568576872348
TON_IoT,trades,aam_trans,5,5,29,0.5,0.969910768511045,0.969604501352478,1.0,0.0348870493471622
TON_IoT,trades,mlp,5,5,29,0.1,0.955093881353963,0.9520923232011376,1.0,0.0048185302875936
TON_IoT,trades,mlp,5,5,29,0.2,0.955093881353963,0.9520923232011376,1.0,0.0110893780365586
TON_IoT,trades,mlp,5,5,29,0.5,0.955093881353963,0.9517924884249084,1.0,0.0326621644198894
TON_IoT,trades,transformer,6,5,29,0.1,0.94690590192203,0.946595201019214,1.0,0.0058983210474252
TON_IoT,trades,transformer,6,5,29,0.2,0.94690590192203,0.9459741635841524,1.0,0.0132891973480582
TON_IoT,trades,transformer,6,5,29,0.5,0.94690590192203,0.9453536111733238,1.0,0.0374006293714046
TON_IoT,trades,aam_trans,6,5,29,0.1,0.9708299493844678,0.9708299493844678,1.0,0.0067502395249903
TON_IoT,trades,aam_trans,6,5,29,0.2,0.9708299493844678,0.970523492461882,1.0,0.014389188028872
TON_IoT,trades,aam_trans,6,5,29,0.5,0.9708299493844678,0.9687049814665294,1.0,0.0401780679821968
TON_IoT,trades,mlp,6,5,29,0.1,0.9590047071466486,0.9514220086135706,1.0,0.0051703504286706
TON_IoT,trades,mlp,6,5,29,0.2,0.9590047071466486,0.9514220086135706,1.0,0.0123579874634742
TON_IoT,trades,mlp,6,5,29,0.5,0.9590047071466486,0.9502100805643362,1.0,0.035039197653532
TON_IoT,trades,transformer,7,5,29,0.1,0.9461658460170675,0.9461658460170675,1.0,0.0057968543842434
TON_IoT,trades,transformer,7,5,29,0.2,0.9461658460170675,0.9461658460170675,1.0,0.0134333595633506
TON_IoT,trades,transformer,7,5,29,0.5,0.9461658460170675,0.9437413723739072,1.0,0.0387609861791133
TON_IoT,trades,aam_trans,7,5,29,0.1,0.9696313083879584,0.9696313083879584,1.0,0.005218937061727
TON_IoT,trades,aam_trans,7,5,29,0.2,0.9696313083879584,0.9696313083879584,1.0,0.0116420295089483
TON_IoT,trades,aam_trans,7,5,29,0.5,0.9696313083879584,0.94942075265906,1.0,0.0344184637069702
TON_IoT,trades,mlp,7,5,29,0.1,0.968365235130418,0.9586297523705936,1.0,0.0045877331867814
TON_IoT,trades,mlp,7,5,29,0.2,0.968365235130418,0.9510670946090136,1.0,0.0112619083374738
TON_IoT,trades,mlp,7,5,29,0.5,0.968365235130418,0.9480371792348352,1.0,0.0340843126177787
TON_IoT,trades,transformer,8,5,29,0.1,0.9442453573602244,0.9442453573602244,1.0,0.0052790977060794
TON_IoT,trades,transformer,8,5,29,0.2,0.9442453573602244,0.9442453573602244,1.0,0.0121653601527214
TON_IoT,trades,transformer,8,5,29,0.5,0.9442453573602244,0.943621193083508,1.0,0.0358490720391273
TON_IoT,trades,aam_trans,8,5,29,0.1,0.9717143629111747,0.9714114303929062,1.0,0.0072117196395993
TON_IoT,trades,aam_trans,8,5,29,0.2,0.9717143629111747,0.9708031629544572,1.0,0.0158749874681234
TON_IoT,trades,aam_trans,8,5,29,0.5,0.9717143629111747,0.95863269042718,1.0,0.0441639870405197
TON_IoT,trades,mlp,8,5,29,0.1,0.950282413043702,0.9499827781957304,1.0,0.0049354238435626
TON_IoT,trades,mlp,8,5,29,0.2,0.950282413043702,0.9493836818940128,1.0,0.0123452972620725
TON_IoT,trades,mlp,8,5,29,0.5,0.950282413043702,0.9490965836943044,1.0,0.038364939391613
TON_IoT,trades,transformer,9,5,29,0.1,0.9479852032007824,0.9476717936346424,1.0,0.0065536890178918
TON_IoT,trades,transformer,9,5,29,0.2,0.9479852032007824,0.9473585079499685,1.0,0.0148288551717996
TON_IoT,trades,transformer,9,5,29,0.5,0.9479852032007824,0.945822262320722,1.0,0.0410701408982276
TON_IoT,trades,aam_trans,9,5,29,0.1,0.9714071106217476,0.9711038818216936,1.0,0.0053030778653919
TON_IoT,trades,aam_trans,9,5,29,0.2,0.9714071106217476,0.9711038818216936,1.0,0.0114377541467547
TON_IoT,trades,aam_trans,9,5,29,0.5,0.9714071106217476,0.9711038818216936,1.0,0.0318370498716831
TON_IoT,trades,mlp,9,5,29,0.1,0.9557686991043184,0.9527898579941734,1.0,0.0048188040964305
TON_IoT,trades,mlp,9,5,29,0.2,0.9557686991043184,0.9521786136667956,1.0,0.0116055021062493
TON_IoT,trades,mlp,9,5,29,0.5,0.9557686991043184,0.9515810775382926,1.0,0.0345826782286167
TON_IoT,trades,transformer,10,5,29,0.1,0.9483615938192668,0.9483615938192668,1.0,0.0063042505644261
TON_IoT,trades,transformer,10,5,29,0.2,0.9483615938192668,0.9483615938192668,1.0,0.014271062798798
TON_IoT,trades,transformer,10,5,29,0.5,0.9483615938192668,0.9465227345221864,1.0,0.0383488349616527
TON_IoT,trades,aam_trans,10,5,29,0.1,0.973885510652186,0.973885510652186,1.0,0.0067524085752666
TON_IoT,trades,aam_trans,10,5,29,0.2,0.973885510652186,0.973885510652186,1.0,0.015079315751791
TON_IoT,trades,aam_trans,10,5,29,0.5,0.973885510652186,0.973885510652186,1.0,0.0420798696577549
TON_IoT,trades,mlp,10,5,29,0.1,0.9607500508361038,0.9534610701557208,1.0,0.0043844399042427
TON_IoT,trades,mlp,10,5,29,0.2,0.9607500508361038,0.9498295856149088,1.0,0.01093406137079
TON_IoT,trades,mlp,10,5,29,0.5,0.9607500508361038,0.950137207401031,1.0,0.0329915769398212
CICIoT2023,trades,aam_trans,3,12,39,0.1,0.7893793382583963,0.7752534307552861,1.0,0.022960936650633812
CICIoT2023,trades,aam_trans,3,12,39,0.2,0.7893793382583963,0.7461656258962102,1.0,0.047340407967567444
CICIoT2023,trades,aam_trans,3,12,39,0.5,0.7893793382583963,0.6213861216774536,1.0,0.11493761837482452
