method,ds,eps,diff,wins,n,p,p_holm
trades,CICIoT2023,0.1,0.027063032849152024,10,10,0.001953125,0.017578125
trades,CICIoT2023,0.2,0.018262182675247908,10,10,0.001953125,0.017578125
trades,CICIoT2023,0.5,0.008381565270881885,7,10,0.3515625,0.3515625
trades,CICIoMT2024,0.1,0.002072757900917643,9,10,0.009765625,0.0234375
trades,CICIoMT2024,0.2,0.002118059630336855,8,10,0.0078125,0.0234375
trades,CICIoMT2024,0.5,0.01731195717386641,10,10,0.001953125,0.017578125
trades,TON_IoT,0.1,0.025021977195197432,10,10,0.001953125,0.017578125
trades,TON_IoT,0.2,0.025117998626924765,10,10,0.001953125,0.017578125
trades,TON_IoT,0.5,0.022682639022020733,10,10,0.001953125,0.017578125
pgdat,CICIoT2023,0.1,0.016614439005620464,9,10,0.00390625,0.02734375
pgdat,CICIoT2023,0.2,0.007980156284508044,8,10,0.025390625,0.1171875
pgdat,CICIoT2023,0.5,0.014644295641214767,8,10,0.091796875,0.18359375
pgdat,CICIoMT2024,0.1,0.0005805087216912974,7,10,0.0234375,0.1171875
pgdat,CICIoMT2024,0.2,0.0012151665976769866,10,10,0.001953125,0.017578125
pgdat,CICIoMT2024,0.5,0.031536901948523856,10,10,0.001953125,0.017578125
pgdat,TON_IoT,0.1,0.013437637273400749,9,10,0.005859375,0.03515625
pgdat,TON_IoT,0.2,0.009939037971966746,9,10,0.029296875,0.1171875
pgdat,TON_IoT,0.5,0.0032914716446934777,7,10,0.599609375,0.599609375
